CountryCode,CountryName,OriginalIndicatorName,2003,2004,2005,2006,2007,2008,2009,2010,2011,2012,2013,2014,2015,2016,2017,2018,2019,2020,2021,2022,2023,IndicatorName
USA,United States,"Life expectancy at birth, total (years)",77.0365853658537,77.4878048780488,77.4878048780488,77.6878048780488,77.9878048780488,78.0390243902439,78.390243902439,78.5414634146342,78.6414634146341,78.7414634146342,78.7414634146342,78.8414634146341,78.690243902439,78.5390243902439,78.5390243902439,78.6390243902439,78.7878048780488,76.9804878048781,76.3292682926829,77.4341463414634,78.3853658536585,Life_Expectancy
GBR,United Kingdom,"Life expectancy at birth, total (years)",78.4463414634146,78.7463414634146,79.0487804878049,79.2487804878049,79.4487804878049,79.6,80.0512195121951,80.4024390243902,80.9512195121951,80.9048780487805,81.0048780487805,81.3048780487805,80.9560975609756,81.1560975609756,81.2560975609756,81.2560975609756,81.3691219512195,80.331756097561,80.6473170731707,81.0112195121951,81.2380975609756,Life_Expectancy
TUR,Turkiye,"Life expectancy at birth, total (years)",72.906,73.223,73.51,73.804,74.129,74.38,74.679,74.964,74.823,75.552,76.171,76.452,76.539,76.595,77.037,77.454,77.737,76.525,75.722,77.591,77.156,Life_Expectancy
ZAF,South Africa,"Life expectancy at birth, total (years)",54.245,53.963,53.914,54.22,54.948,55.982,57.413,58.886,60.602,61.737,62.388,63.184,64.053,64.749,65.422,65.726,66.071,65.15,62.01,65.454,66.139,Life_Expectancy
SAU,Saudi Arabia,"Life expectancy at birth, total (years)",73.657,74.027,74.4,74.762,75.066,75.301,75.447,75.616,75.808,76.09,76.517,77.116,77.776,78.354,78.721,78.75,78.313,77.596,77.089,77.31,78.732,Life_Expectancy
RUS,Russian Federation,"Life expectancy at birth, total (years)",65.0275609756098,65.4709756097561,65.529756097561,66.7275609756098,67.5868292682927,67.9492682926829,68.6846341463415,68.8412195121951,69.6839024390244,70.0721951219512,70.5787804878049,70.7436585365854,71.1834146341463,71.6512195121951,72.4514634146342,72.6621951219512,73.0839024390244,71.3387804878049,69.900243902439,72.5456097560976,73.2546341463415,Life_Expectancy
MEX,Mexico,"Life expectancy at birth, total (years)",73.308,73.432,73.627,73.746,73.796,73.695,73.628,73.718,73.921,74.128,74.289,74.404,74.431,74.376,74.261,74.301,74.53,70.449,69.75,73.973,75.069,Life_Expectancy
KOR,"Korea, Rep.","Life expectancy at birth, total (years)",77.2146341463415,77.6658536585366,78.1682926829268,78.6682926829268,79.119512195122,79.5170731707317,79.9682926829268,80.1170731707317,80.5682926829269,80.819512195122,81.2707317073171,81.7219512195122,82.0243902439024,82.2756097560976,82.6268292682927,82.6268292682927,83.2268292682927,83.4268292682927,83.5268292682927,82.6804878048781,83.4292682926829,Life_Expectancy
JPN,Japan,"Life expectancy at birth, total (years)",81.76,82.030243902439,81.9551219512195,82.3219512195122,82.5070731707317,82.5875609756098,82.9314634146342,82.8426829268293,82.5912195121951,83.0960975609756,83.3319512195122,83.5878048780488,83.7939024390244,83.9848780487805,84.099756097561,84.2109756097561,84.3563414634146,84.56,84.4456097560976,83.9963414634146,84.0412195121951,Life_Expectancy
ITA,Italy,"Life expectancy at birth, total (years)",79.9829268292683,80.7804878048781,80.7829268292683,81.2829268292683,81.4341463414634,81.4853658536585,81.6365853658537,82.0365853658537,82.1878048780488,82.2390243902439,82.690243902439,83.090243902439,82.5439024390244,83.2439024390244,82.9463414634147,83.3463414634146,83.4975609756098,82.1951219512195,82.6463414634146,82.7,83.7,Life_Expectancy
IDN,Indonesia,"Life expectancy at birth, total (years)",67.134,65.521,67.531,67.664,67.914,68.085,68.267,68.364,68.629,68.862,69.064,69.292,69.52,69.733,69.953,70.08,70.349,68.817,67.452,70.925,71.146,Life_Expectancy
IND,India,"Life expectancy at birth, total (years)",64.086,64.484,64.939,65.373,65.803,66.247,66.7,67.162,67.623,68.076,68.499,68.932,69.326,69.709,70.068,70.415,70.746,70.156,67.282,71.698,72.003,Life_Expectancy
DEU,Germany,"Life expectancy at birth, total (years)",78.3804878048781,78.6804878048781,78.9317073170732,79.1317073170732,79.5341463414634,79.7365853658537,79.8365853658537,79.9878048780488,80.4365853658537,80.5390243902439,80.490243902439,81.090243902439,80.6414634146341,80.990243902439,80.9926829268293,80.8926829268293,81.2926829268293,81.0414634146342,80.790243902439,80.6080487804878,80.5414634146342,Life_Expectancy
FRA,France,"Life expectancy at birth, total (years)",79.1146341463415,80.1634146341463,80.1634146341463,80.8121951219512,81.1121951219512,81.2146341463415,81.4146341463415,81.6634146341463,82.1146341463415,81.9682926829268,82.219512195122,82.719512195122,82.3219512195122,82.5731707317073,82.5756097560976,82.6756097560976,82.8268292682927,82.1756097560976,82.3243902439024,82.1292682926829,82.9292682926829,Life_Expectancy
CHN,China,"Life expectancy at birth, total (years)",73.385,73.727,74.085,74.404,74.789,74.833,75.317,75.668,75.889,76.2,76.452,76.714,76.975,77.214,77.235,77.709,77.94,78.019,78.117,78.202,77.953,Life_Expectancy
CAN,Canada,"Life expectancy at birth, total (years)",79.7151219512195,79.9921951219512,80.1126829268293,80.5436585365854,80.5436585365854,80.7246341463415,81.0660975609756,81.3221951219512,81.4826829268293,81.6636585365854,81.7448780487805,81.7843902439025,81.8258536585366,81.94,81.8129268292683,81.8087804878049,82.1636585365854,81.5351219512195,81.5168292682927,81.2453658536585,81.6465853658537,Life_Expectancy
BRA,Brazil,"Life expectancy at birth, total (years)",70.884,71.361,71.832,72.296,72.73,73.111,73.457,73.779,74.047,74.335,74.609,74.823,75.106,75.081,75.383,75.633,75.809,74.506,73.038,74.872,75.848,Life_Expectancy
AUS,Australia,"Life expectancy at birth, total (years)",80.2390243902439,80.490243902439,80.8414634146341,81.0414634146342,81.2926829268293,81.3951219512195,81.5439024390244,81.6951219512195,81.8951219512195,82.0463414634146,82.1487804878049,82.3,82.4,82.4487804878049,82.5,82.7487804878049,82.9,83.2,83.3,83.2,83.0512195121951,Life_Expectancy
ARG,Argentina,"Life expectancy at birth, total (years)",74.307,74.871,75.231,75.279,74.783,75.428,75.577,75.68,76.1,75.802,75.829,76.268,76.6,76.105,76.543,76.77,76.847,75.878,73.948,75.806,77.395,Life_Expectancy
USA,United States,"Mortality rate, infant (per 1,000 live births)",6.9,6.8,6.8,6.7,6.6,6.5,6.4,6.2,6.1,6.0,5.9,5.8,5.8,5.7,5.6,5.6,5.5,5.5,5.5,5.5,5.5,Infant_Mortality
GBR,United Kingdom,"Mortality rate, infant (per 1,000 live births)",5.3,5.2,5.1,5.0,4.9,4.8,4.6,4.4,4.3,4.1,4.0,3.9,3.9,3.8,3.8,3.8,3.8,3.9,3.9,3.9,4.0,Infant_Mortality
TUR,Turkiye,"Mortality rate, infant (per 1,000 live births)",24.6,22.8,21.1,19.5,18.1,16.9,15.7,14.7,13.8,12.9,12.2,11.5,11.0,10.4,9.9,9.5,9.1,8.7,8.4,8.0,9.1,Infant_Mortality
ZAF,South Africa,"Mortality rate, infant (per 1,000 live births)",48.6,49.0,47.9,46.0,43.8,40.6,37.7,35.4,33.9,33.0,32.0,30.9,29.7,28.4,27.3,26.3,25.6,25.0,24.7,24.5,24.4,Infant_Mortality
SAU,Saudi Arabia,"Mortality rate, infant (per 1,000 live births)",16.5,15.5,14.6,13.7,12.8,12.0,11.2,10.4,9.7,9.1,8.5,7.9,7.4,6.9,6.5,6.1,5.8,5.5,5.3,5.1,4.9,Infant_Mortality
RUS,Russian Federation,"Mortality rate, infant (per 1,000 live births)",12.9,11.9,11.0,10.2,9.5,9.0,8.6,8.3,8.1,7.9,7.6,7.2,6.6,6.1,5.6,5.1,4.7,4.4,4.1,3.9,3.7,Infant_Mortality
MEX,Mexico,"Mortality rate, infant (per 1,000 live births)",20.8,20.0,19.2,18.5,17.9,17.3,16.8,16.2,15.7,15.2,14.8,14.3,13.9,13.5,13.0,12.6,12.2,11.8,11.5,11.1,10.8,Infant_Mortality
KOR,"Korea, Rep.","Mortality rate, infant (per 1,000 live births)",5.0,4.7,4.4,4.1,3.8,3.6,3.4,3.3,3.2,3.1,3.0,2.9,2.9,2.8,2.7,2.7,2.6,2.5,2.4,2.4,2.3,Infant_Mortality
JPN,Japan,"Mortality rate, infant (per 1,000 live births)",2.9,2.8,2.7,2.7,2.6,2.5,2.4,2.4,2.3,2.2,2.2,2.1,2.0,2.0,1.9,1.9,1.8,1.8,1.8,1.8,1.8,Infant_Mortality
ITA,Italy,"Mortality rate, infant (per 1,000 live births)",4.1,3.9,3.8,3.7,3.6,3.5,3.4,3.4,3.3,3.2,3.1,3.1,3.0,2.9,2.8,2.7,2.6,2.5,2.5,2.4,2.3,Infant_Mortality
IDN,Indonesia,"Mortality rate, infant (per 1,000 live births)",36.1,36.7,33.2,31.8,30.5,29.3,28.2,27.1,26.1,25.1,24.1,23.2,22.3,21.5,20.7,19.9,19.3,18.6,18.0,17.5,17.0,Infant_Mortality
IND,India,"Mortality rate, infant (per 1,000 live births)",60.5,58.6,56.7,54.8,52.8,50.8,48.7,46.7,44.6,42.5,40.5,38.5,36.6,34.7,33.0,31.3,29.7,28.2,26.8,25.6,24.5,Infant_Mortality
DEU,Germany,"Mortality rate, infant (per 1,000 live births)",4.1,4.0,3.9,3.8,3.7,3.6,3.5,3.5,3.4,3.4,3.3,3.3,3.3,3.3,3.2,3.2,3.1,3.1,3.1,3.1,3.1,Infant_Mortality
FRA,France,"Mortality rate, infant (per 1,000 live births)",3.6,3.5,3.4,3.3,3.2,3.2,3.1,3.1,3.1,3.1,3.1,3.1,3.2,3.2,3.3,3.3,3.3,3.3,3.4,3.4,3.4,Infant_Mortality
CHN,China,"Mortality rate, infant (per 1,000 live births)",23.5,21.3,19.4,17.7,16.1,14.8,13.6,12.5,11.5,10.5,9.7,8.9,8.2,7.6,7.0,6.4,6.0,5.5,5.1,4.8,4.5,Infant_Mortality
CAN,Canada,"Mortality rate, infant (per 1,000 live births)",5.3,5.3,5.2,5.2,5.1,5.1,5.0,5.0,4.9,4.8,4.8,4.7,4.7,4.6,4.6,4.5,4.5,4.5,4.5,4.5,4.4,Infant_Mortality
BRA,Brazil,"Mortality rate, infant (per 1,000 live births)",23.9,22.4,21.0,19.7,18.6,17.6,16.7,16.0,15.3,14.8,14.4,14.0,13.7,14.6,13.3,13.1,13.0,12.8,12.7,12.6,12.5,Infant_Mortality
AUS,Australia,"Mortality rate, infant (per 1,000 live births)",4.9,4.8,4.8,4.7,4.5,4.4,4.2,4.0,3.8,3.6,3.5,3.4,3.3,3.2,3.2,3.2,3.2,3.2,3.2,3.2,3.1,Infant_Mortality
ARG,Argentina,"Mortality rate, infant (per 1,000 live births)",15.4,14.9,14.4,14.0,13.6,13.2,12.8,12.4,11.9,11.4,10.9,10.4,10.0,9.7,9.4,9.2,8.9,8.7,8.5,8.3,8.2,Infant_Mortality
USA,United States,"Maternal mortality ratio (modeled estimate, per 100,000 live births)",13.0,13.0,13.0,13.0,13.0,14.0,15.0,15.0,15.0,16.0,16.0,17.0,17.0,18.0,18.0,18.0,18.0,22.0,31.0,20.0,17.0,Maternal_Mortality
GBR,United Kingdom,"Maternal mortality ratio (modeled estimate, per 100,000 live births)",14.0,13.0,12.0,12.0,11.0,11.0,11.0,10.0,10.0,9.0,9.0,9.0,9.0,9.0,9.0,9.0,9.0,14.0,13.0,15.0,8.0,Maternal_Mortality
TUR,Turkiye,"Maternal mortality ratio (modeled estimate, per 100,000 live births)",29.0,28.0,27.0,26.0,25.0,24.0,23.0,23.0,23.0,21.0,20.0,20.0,19.0,19.0,18.0,17.0,17.0,19.0,20.0,21.0,15.0,Maternal_Mortality
ZAF,South Africa,"Maternal mortality ratio (modeled estimate, per 100,000 live births)",245.0,259.0,279.0,283.0,272.0,272.0,241.0,226.0,202.0,194.0,180.0,162.0,150.0,141.0,134.0,128.0,119.0,118.0,191.0,129.0,118.0,Maternal_Mortality
SAU,Saudi Arabia,"Maternal mortality ratio (modeled estimate, per 100,000 live births)",16.0,16.0,15.0,14.0,13.0,12.0,11.0,11.0,10.0,9.0,9.0,8.0,8.0,8.0,8.0,8.0,8.0,11.0,12.0,9.0,7.0,Maternal_Mortality
RUS,Russian Federation,"Maternal mortality ratio (modeled estimate, per 100,000 live births)",45.0,41.0,38.0,32.0,29.0,27.0,24.0,23.0,19.0,18.0,16.0,16.0,15.0,14.0,12.0,12.0,12.0,19.0,21.0,13.0,9.0,Maternal_Mortality
MEX,Mexico,"Maternal mortality ratio (modeled estimate, per 100,000 live births)",54.0,53.0,52.0,51.0,50.0,51.0,51.0,50.0,47.0,46.0,45.0,44.0,43.0,43.0,44.0,44.0,43.0,61.0,104.0,45.0,42.0,Maternal_Mortality
KOR,"Korea, Rep.","Maternal mortality ratio (modeled estimate, per 100,000 live births)",13.0,12.0,11.0,10.0,10.0,9.0,9.0,8.0,8.0,8.0,7.0,7.0,6.0,6.0,6.0,5.0,5.0,12.0,5.0,7.0,4.0,Maternal_Mortality
JPN,Japan,"Maternal mortality ratio (modeled estimate, per 100,000 live births)",8.0,7.0,7.0,7.0,6.0,6.0,6.0,6.0,6.0,6.0,5.0,5.0,5.0,5.0,5.0,5.0,5.0,4.0,4.0,5.0,3.0,Maternal_Mortality
ITA,Italy,"Maternal mortality ratio (modeled estimate, per 100,000 live births)",8.0,8.0,8.0,7.0,7.0,7.0,8.0,8.0,8.0,8.0,8.0,8.0,8.0,8.0,8.0,7.0,7.0,8.0,7.0,10.0,6.0,Maternal_Mortality
IDN,Indonesia,"Maternal mortality ratio (modeled estimate, per 100,000 live births)",279.0,283.0,268.0,264.0,257.0,251.0,246.0,242.0,230.0,220.0,208.0,198.0,190.0,182.0,173.0,168.0,161.0,184.0,226.0,148.0,140.0,Maternal_Mortality
IND,India,"Maternal mortality ratio (modeled estimate, per 100,000 live births)",313.0,296.0,277.0,258.0,240.0,223.0,205.0,188.0,173.0,160.0,148.0,137.0,129.0,121.0,113.0,107.0,101.0,101.0,155.0,90.0,80.0,Maternal_Mortality
DEU,Germany,"Maternal mortality ratio (modeled estimate, per 100,000 live births)",6.0,6.0,6.0,6.0,5.0,6.0,6.0,5.0,5.0,5.0,5.0,5.0,5.0,4.0,4.0,4.0,4.0,4.0,4.0,4.0,4.0,Maternal_Mortality
FRA,France,"Maternal mortality ratio (modeled estimate, per 100,000 live births)",9.0,9.0,9.0,9.0,9.0,10.0,10.0,9.0,9.0,9.0,9.0,9.0,9.0,9.0,8.0,9.0,8.0,9.0,9.0,9.0,7.0,Maternal_Mortality
CHN,China,"Maternal mortality ratio (modeled estimate, per 100,000 live births)",47.0,45.0,42.0,40.0,38.0,38.0,35.0,34.0,33.0,32.0,30.0,28.0,26.0,25.0,24.0,22.0,21.0,20.0,21.0,18.0,16.0,Maternal_Mortality
CAN,Canada,"Maternal mortality ratio (modeled estimate, per 100,000 live births)",10.0,10.0,11.0,11.0,11.0,12.0,12.0,11.0,11.0,11.0,11.0,12.0,11.0,12.0,12.0,13.0,12.0,17.0,14.0,15.0,12.0,Maternal_Mortality
BRA,Brazil,"Maternal mortality ratio (modeled estimate, per 100,000 live births)",67.0,70.0,71.0,72.0,73.0,71.0,69.0,66.0,62.0,60.0,61.0,63.0,63.0,64.0,61.0,62.0,65.0,85.0,128.0,104.0,67.0,Maternal_Mortality
AUS,Australia,"Maternal mortality ratio (modeled estimate, per 100,000 live births)",5.0,5.0,5.0,5.0,5.0,5.0,5.0,5.0,6.0,6.0,6.0,6.0,6.0,6.0,6.0,5.0,5.0,5.0,4.0,4.0,2.0,Maternal_Mortality
ARG,Argentina,"Maternal mortality ratio (modeled estimate, per 100,000 live births)",61.0,58.0,57.0,60.0,62.0,59.0,62.0,55.0,48.0,49.0,47.0,43.0,39.0,40.0,38.0,38.0,36.0,40.0,76.0,39.0,33.0,Maternal_Mortality
USA,United States,GDP (current US$),11456442041000.0,12217193198000.0,13039199193000.0,13815586948000.0,14474226905000.0,14769857911000.0,14478064934000.0,15048964444000.0,15599728123000.0,16253972230000.0,16843190993000.0,17550680174000.0,18206020741000.0,18695110842000.0,19477336549000.0,20533057312000.0,21380976119000.0,21060473613000.0,23315080560000.0,25604848907611.0,27292170793214.4,GDP_Current_USD
GBR,United Kingdom,GDP (current US$),2061227755102.04,2429774807762.72,2551361818181.82,2719558417663.29,3104699879951.98,2945251838235.29,2429358155475.93,2496740681057.14,2675590034128.66,2719715961539.83,2796908333283.39,3085362169410.29,2945579890258.46,2706807606538.73,2699118387873.1,2897028009916.05,2875710080015.3,2724001478304.59,3194559188925.93,3181244350465.41,3420796653789.08,GDP_Current_USD
TUR,Turkiye,GDP (current US$),315392899922.379,410156784495.948,508314210212.544,559668118237.002,685228481017.03,775415944332.866,653894449921.288,782545664268.333,844192507380.795,885327622479.052,962167643588.925,942343431928.654,865460050683.656,870818016909.84,863874522365.276,788356985773.667,775853144222.613,733628247119.077,839938668172.134,926097476913.818,1141242864657.45,GDP_Current_USD
ZAF,South Africa,GDP (current US$),197018965308.697,255806908594.573,288867217196.534,303858675363.643,333077117253.684,316131258616.309,329754060647.129,417363822801.713,458199494830.834,434400545085.811,400886013595.573,381198869776.106,346709790458.563,323585509674.481,381448814653.456,405260723892.517,389330032224.269,337974655408.055,419986284375.368,407596043067.885,381440724491.232,GDP_Current_USD
SAU,Saudi Arabia,GDP (current US$),215807733333.333,258742133333.333,328459608764.111,376900133511.348,415964509673.115,519796800000.0,429097866666.667,528207466666.667,680660800000.0,751921333333.333,769755733333.333,787153066666.667,693414400000.0,689279466666.667,741266133333.333,886564800000.0,888890133333.333,767951200000.0,982661066666.667,1239075200000.0,1218584533333.33,GDP_Current_USD
RUS,Russian Federation,GDP (current US$),430347420184.885,591016690732.385,764015973481.11,989932071352.543,1299703478481.65,1660848058303.11,1222645900055.7,1524916715223.95,2045922753398.04,2208293553878.42,2292470078346.22,2059241589895.01,1363482182197.71,1276786350881.14,1574199360089.0,1657328773461.31,1693115002708.32,1493075894362.14,1829186719575.1,2291612121334.64,2071505725030.58,GDP_Current_USD
MEX,Mexico,GDP (current US$),765549967703.273,819459227375.022,917571853529.104,1020265057882.01,1102355554971.95,1161553459715.1,943437415024.633,1105424238731.09,1229013703416.76,1255110424817.79,1327436290282.67,1364507717614.13,1213294467716.88,1112233497452.7,1190721475906.0,1256300182879.73,1304106203902.45,1121064767308.42,1316569466685.95,1466934724293.06,1798317581486.88,GDP_Current_USD
KOR,"Korea, Rep.",GDP (current US$),728516494684.269,823251107638.814,971740329983.878,1095175538508.19,1220911904593.06,1091580692542.34,983065242417.36,1192830015737.68,1307103477219.1,1335343586437.67,1434669686501.84,1556252422020.44,1539212301135.55,1579150518945.44,1710196756713.17,1824251454306.83,1751045752054.63,1744070276373.34,1942313560965.9,1799363116866.52,1844800934391.54,GDP_Current_USD
JPN,Japan,GDP (current US$),4519561645253.53,4893116005656.56,4831467035389.8,4601663122649.92,4579750920354.81,5106679115127.3,5289493117993.89,5759071769013.11,6233147172341.35,6272362996105.03,5212328181166.18,4896994405353.29,4444930651964.18,5003677627544.24,4930837369151.42,5040880939324.86,5117993853016.51,5054068005376.28,5039148168861.22,4262463317796.53,4213167237905.83,GDP_Current_USD
ITA,Italy,GDP (current US$),1582930016538.82,1812808753294.75,1864982261286.85,1958563654385.64,2222524108127.65,2417508414187.19,2209484319012.65,2144936254535.0,2306974020278.21,2097929495121.68,2153225581941.46,2173255507985.84,1845428048839.1,1887111188176.93,1970720904584.71,2099435266458.67,2019606796583.53,1907481094079.23,2179207773596.09,2104067630319.46,2316727999333.18,GDP_Current_USD
IDN,Indonesia,GDP (current US$),234772463823.808,256836875295.452,285868619196.085,364570515618.357,432216737774.861,510228634992.258,539580085612.401,755094157621.936,892969104563.171,917869913332.649,912524136718.018,890814755533.537,860854232686.214,931877364037.698,1015618744159.73,1042271532988.63,1119099871350.2,1059054842698.48,1186509691086.73,1319101183380.15,1371169301563.62,GDP_Current_USD
IND,India,GDP (current US$),607700687237.318,709152728830.775,820383763511.445,940259888787.721,1216736438834.96,1198895139005.92,1341888016994.9,1675615519484.96,1823051829894.55,1827637590410.41,1856721507621.58,2039126479154.52,2103588360044.94,2294796885663.16,2651474262755.45,2702929641648.74,2835606256558.19,2674851578587.27,3167270623260.47,3346107287730.93,3638489096033.86,GDP_Current_USD
DEU,Germany,GDP (current US$),2534715518349.01,2852317768061.78,2893393187361.87,3046308753670.58,3484056680854.91,3808197720125.0,3478545516683.59,3467093769666.67,3823575803793.78,3596483233406.25,3807023797050.99,3964870735760.77,3425099578746.09,3536787895179.0,3765351626105.89,4055433215301.96,3959894794039.21,3941398957073.94,4355251953410.78,4201021706478.62,4562207532490.28,GDP_Current_USD
FRA,France,GDP (current US$),1835095983049.09,2109792297237.03,2192146403028.17,2317861544690.82,2655816911866.56,2926802941585.86,2700075882518.98,2646230027988.34,2870408553990.28,2683007095787.23,2816077607875.26,2861236112552.42,2442483452642.5,2470407619777.13,2588868323334.71,2781576320884.39,2722793515171.76,2647926055110.05,2966433692008.09,2794788137066.94,3056250648138.29,GDP_Current_USD
CHN,China,GDP (current US$),1683903309843.85,1984196551300.44,2317551298052.05,2791498472804.33,3604055822571.63,4667346414521.95,5189577094997.58,6192564874453.29,7671757207851.29,8673664713189.24,9743124247267.24,10674533168257.4,11280814787468.9,11456024084962.0,12537559062282.9,14147765772963.8,14560167101283.4,14996414166715.1,18201698719564.0,18316765021690.2,18270356654533.2,GDP_Current_USD
CAN,Canada,GDP (current US$),895540646634.787,1026690238278.25,1173108598778.68,1319264809590.97,1468820407783.26,1552989690721.65,1374625142157.29,1617343367486.26,1793326630174.52,1828366481521.6,1846597421834.98,1805749878439.94,1556508816217.14,1527994741907.43,1649265644244.09,1725329192783.02,1743725183672.52,1655684730000.19,2022378748423.23,2190411080134.32,2173339670064.33,GDP_Current_USD
BRA,Brazil,GDP (current US$),558233724164.711,669289321944.512,891633826625.407,1107626711163.23,1397114247188.89,1695855391757.96,1666996294252.12,2208838108484.35,2616156606579.21,2465228293706.86,2472819362043.74,2456043766032.38,1802211999456.42,1795693265999.04,2063514688805.78,1916933708352.71,1873288158838.63,1476107292151.95,1670647464062.96,1951923832083.87,2191131869706.02,GDP_Current_USD
AUS,Australia,GDP (current US$),468517181129.878,615643050220.515,696811489612.816,749708370332.989,856603595823.192,1058448244063.77,931761689770.843,1152566632022.13,1402939868653.4,1552728401401.58,1583737461925.39,1474677007565.64,1356805839935.9,1211588128417.61,1330890554614.09,1433144978761.67,1398349602956.35,1333336461648.09,1560617493202.69,1695627535475.8,1734451264655.6,GDP_Current_USD
ARG,Argentina,GDP (current US$),127586973492.177,164657930452.787,198737095012.282,232557260817.308,287530508430.568,361558037110.419,332976484577.619,423627422092.49,530158122010.442,545982375701.128,552025140252.246,526319673731.638,594749285413.212,557532320662.955,643628393281.364,524819892360.176,447754683615.225,385740508436.965,486564085480.036,633993756301.08,649461687959.174,GDP_Current_USD
USA,United States,"GDP per capita, PPP (current international $)",39490.3023903176,41724.6411982614,44123.3996470026,46301.9876485519,48050.227412195,48570.0594269601,47194.9500893872,48642.6312088213,50024.8812320773,51708.3940614082,53297.3862901595,55153.3940182967,56849.4697923159,57976.628204291,60047.7190728307,62875.6661382728,65227.9565911035,64401.5074354209,71307.4017277218,77860.9112908848,82304.6204272866,GDP_Per_Capita_PPP
GBR,United Kingdom,"GDP per capita, PPP (current international $)",30317.5243136229,32055.4717642346,32726.1331883772,34734.8160246415,35523.3115876502,36744.7913584035,35023.3323106015,36487.6718531875,37224.3787645256,38336.5961844419,39947.5369562562,41266.8197795309,42526.7003586335,44085.2025586772,46113.0211677324,47212.2045190522,50064.9605582187,48230.0477027461,51004.4271714238,58544.4695425536,57915.4940036535,GDP_Per_Capita_PPP
TUR,Turkiye,"GDP per capita, PPP (current international $)",9475.23842234984,10760.7760827021,11803.3604424476,13558.2183381713,14951.6862376319,16141.6888074925,15551.64150166,17468.1996643291,19717.2438317111,20739.2725488506,22475.2909778388,24192.537613837,25896.983315375,26730.7599731835,28353.5406410966,28640.3401839802,29016.4555653445,29209.3308866883,32105.5474400506,39919.1608756567,43196.3381254367,GDP_Per_Capita_PPP
ZAF,South Africa,"GDP per capita, PPP (current international $)",9138.82823855017,9713.65348468834,10440.6275147132,11250.179555872,12046.6051072501,12525.2630299811,12261.4115911303,12637.2912226018,13143.1933361097,12986.7976675307,13369.4382039605,13358.9417186608,13397.5234813346,13519.3235102376,13738.4385854596,13347.3634826038,13361.4851289112,12671.0862436851,13681.9548144813,14749.0478045301,15199.7329823776,GDP_Per_Capita_PPP
SAU,Saudi Arabia,"GDP per capita, PPP (current international $)",48078.1186117167,51225.3258202551,53548.1964925537,54638.7588925129,55029.87121382,57236.0519568285,54787.3552114775,58828.726534911,64125.2177225838,65033.6161818077,62202.8859202572,62578.0708415156,53930.8273872622,49937.0668103808,53120.4572456269,59377.8025368768,59560.2537904546,47518.4877485153,62690.4966645929,71968.074955888,71564.800028565,GDP_Per_Capita_PPP
RUS,Russian Federation,"GDP per capita, PPP (current international $)",9254.537109375,10226.7666015625,11822.3466796875,14912.234375,16648.2421875,20163.609375,19389.94140625,20490.126953125,22789.54296875,24273.517578125,26019.7265625,25688.2265625,23994.013671875,24012.40234375,25777.904296875,28628.5625,30963.853515625,31490.8046875,38638.4296875,40938.98828125,44268.73046875,GDP_Per_Capita_PPP
MEX,Mexico,"GDP per capita, PPP (current international $)",12066.1601233136,12657.8156092307,13260.2388186669,14541.6716295608,15031.8619592978,15680.5761896881,15192.6241502056,15908.8603214578,17266.8129106549,18004.7935607542,18170.264789912,18820.7991098584,19075.3384701377,20104.5839787472,20488.7150800441,20921.4775277572,20964.2774847072,19354.1248706244,20782.5877417545,23387.224276697,24917.1928856764,GDP_Per_Capita_PPP
KOR,"Korea, Rep.","GDP per capita, PPP (current international $)",22907.1667439916,24675.2821347558,26179.3421262581,27955.2974057846,30262.0486168017,31211.0593469455,30731.409368979,33100.7448078145,33944.2511879769,35061.5531929083,35844.2253782408,37032.1724172561,39799.5505724727,41672.6278317077,43155.9100867658,45511.0803506331,46511.2196957018,47881.4921344193,51718.2518656631,55070.8392092838,56227.4239720858,GDP_Per_Capita_PPP
JPN,Japan,"GDP per capita, PPP (current international $)",29392.2489916186,30830.6584466434,32169.867493646,33634.6317066787,35015.9865745127,35273.791152156,33547.2834245767,35335.3735103814,36214.4397740241,37605.9742614539,39402.0250988025,39555.4120089198,40906.594569246,40596.9686628995,41444.2157443912,42141.9352987758,42678.1511448354,42425.6946789651,44355.3487163354,47395.8391565645,49896.6436902018,GDP_Per_Capita_PPP
ITA,Italy,"GDP per capita, PPP (current international $)",29252.9002536241,29584.8026525468,30137.8180374437,32460.5509873353,34108.772309859,35422.3424391113,34483.7311008116,34977.9942339965,36392.2827759493,36281.1014243506,36459.2950248716,36665.68576775,37394.4535005423,40482.562999856,42142.3435406885,43386.7005868803,46661.9105159611,44435.6434393527,49825.3934111848,56247.4155916998,57902.4961300606,GDP_Per_Capita_PPP
IDN,Indonesia,"GDP per capita, PPP (current international $)",5352.50750391531,5700.04949535761,6134.1667301082,6583.35112358046,7096.38768916734,7569.25304691272,7868.14818333554,8353.45684733249,8936.99215549454,9530.29071136718,9866.01699250847,10064.677127417,10027.5372996025,10262.5951651871,10687.6409218443,11372.0971987612,11986.4701508376,11729.3674458448,12757.0746440204,14284.929293133,15415.7079259527,GDP_Per_Capita_PPP
IND,India,"GDP per capita, PPP (current international $)",2461.48251610861,2681.86116841254,2936.80322011933,3220.62692939401,3508.06183171605,3633.36783240716,3886.58197693247,4206.45986002117,4454.70153200513,4819.64288218731,5014.3505659078,5191.59149903249,5425.03599091046,5800.48149366552,6144.71714444938,6714.96639877754,7150.92423452926,6966.27542785911,8050.01857452664,9207.12743040145,10323.4998734428,GDP_Per_Capita_PPP
DEU,Germany,"GDP per capita, PPP (current international $)",30305.2575678401,31757.4177276181,32313.736788417,34748.7543257238,36915.3252832162,38443.5386278958,37554.4426993174,39730.4897885271,43398.3443992496,44229.3941921739,45889.0173022052,47938.7968210418,48558.4432970969,51569.9016841199,54110.2536648812,56273.0405627017,59270.7276496985,58685.872699771,62530.7653199239,68093.7883105553,69199.8397184363,GDP_Per_Capita_PPP
FRA,France,"GDP per capita, PPP (current international $)",28027.6762119343,28925.1268683664,30431.2367240202,32430.4443144707,34067.4661475639,35053.2627069116,34666.9598878294,35911.5438581409,37510.3759898714,37671.0239268565,39583.3520435045,40218.1258637776,40916.10535718,42880.2351355431,44469.1458856805,46381.0590629457,51130.4723140578,49481.8044309655,52517.3354905855,56082.5908377817,58245.4991122357,GDP_Per_Capita_PPP
CHN,China,"GDP per capita, PPP (current international $)",4007.11604605423,4504.92937237596,5148.18273933805,5946.28682830185,6935.26580584434,7712.84608425069,8447.98281469227,9411.13821903204,10456.7916826113,11420.2527051141,12228.3736084197,12941.5964809146,13463.3331511105,14157.2514988004,15022.4371883124,16298.2050619109,17600.8907568493,18267.4783455827,20843.2978347377,23032.1766271143,25179.1193066383,GDP_Per_Capita_PPP
CAN,Canada,"GDP per capita, PPP (current international $)",32351.5456968698,33927.6696952532,36328.378994377,38119.3909593545,39575.4770075876,40376.0882836384,38864.0566958538,40098.2537191139,41666.8374590278,42291.9729357094,44301.0562529133,45758.1007297304,44669.4513631838,46470.6466391109,48317.3874457163,49982.5999118346,50498.9731057448,48590.6832121939,56995.1176781351,63578.3201949554,64462.9211694495,GDP_Per_Capita_PPP
BRA,Brazil,"GDP per capita, PPP (current international $)",9801.9621245505,10525.7113782454,11081.2474735736,11750.5312437668,12672.5051158078,13445.2454698442,13390.6831313285,14451.7158388109,15211.7920390047,15198.086330971,15722.3335243701,15827.3081625749,14821.4383175183,14309.2061488342,14559.0488897884,15463.7426393743,16069.838015161,16101.6183062954,18075.7060048757,19876.8533531396,21175.6186988214,GDP_Per_Capita_PPP
AUS,Australia,"GDP per capita, PPP (current international $)",30171.9271819424,31814.5982278822,33089.7023501837,34906.8163097704,36722.267508963,37616.0112400482,40442.5896325192,39500.6303475706,42152.816179831,43007.2697824131,46123.4750962848,47108.5906459966,46452.3565772574,47446.2103030951,48564.8286592372,50371.233830782,52885.8313816377,54184.1614486854,58327.4146842325,66046.5986269043,70755.4123646736,GDP_Per_Capita_PPP
ARG,Argentina,"GDP per capita, PPP (current international $)",10933.3925491594,12117.6797423098,13464.8128470561,14843.5778659642,16455.1129801674,17276.7570886806,16182.0753477677,17847.6110373178,19104.9909405228,19430.4178068112,19928.989490167,19487.4181748868,19899.1499275245,20105.761359796,23385.0740904917,24410.3919063335,23516.8261980886,22393.3479575353,26300.274261175,29808.8073468007,30221.4976888753,GDP_Per_Capita_PPP
USA,United States,"Unemployment, total (% of total labor force) (modeled ILO estimate)",5.989,5.529,5.084,4.623,4.622,5.784,9.254,9.633,8.949,8.069,7.375,6.168,5.28,4.869,4.355,3.896,3.669,8.055,5.349,3.65,3.638,Unemployment_Rate
GBR,United Kingdom,"Unemployment, total (% of total labor force) (modeled ILO estimate)",4.807,4.594,4.835,5.411,5.342,5.705,7.627,7.924,8.169,8.25,7.704,6.363,5.517,4.867,4.452,4.12,3.613,4.472,4.826,3.73,3.984,Unemployment_Rate
TUR,Turkiye,"Unemployment, total (% of total labor force) (modeled ILO estimate)",10.542,10.838,10.636,10.227,10.285,10.965,14.026,11.879,9.789,9.21,9.713,9.901,10.304,10.899,10.919,10.956,13.73,13.148,11.969,10.465,9.388,Unemployment_Rate
ZAF,South Africa,"Unemployment, total (% of total labor force) (modeled ILO estimate)",22.629,22.538,22.461,22.324,22.287,22.407,23.523,24.683,24.639,24.727,24.561,24.89,25.149,26.536,27.035,26.906,28.468,29.217,34.007,33.268,32.098,Unemployment_Rate
SAU,Saudi Arabia,"Unemployment, total (% of total labor force) (modeled ILO estimate)",5.563,5.822,6.051,6.254,5.734,5.085,5.377,5.55,5.77,5.622,5.6,5.877,5.6,5.6,5.89,6.029,5.636,7.66,6.621,5.589,4.008,Unemployment_Rate
RUS,Russian Federation,"Unemployment, total (% of total labor force) (modeled ILO estimate)",8.21,7.763,7.124,7.055,6.002,6.205,8.301,7.407,6.571,5.484,5.513,5.212,5.615,5.591,5.238,4.871,4.513,5.62,4.749,3.867,3.076,Unemployment_Rate
MEX,Mexico,"Unemployment, total (% of total labor force) (modeled ILO estimate)",3.455,3.937,3.558,3.566,3.628,3.874,5.356,5.303,5.175,4.892,4.921,4.819,4.311,3.853,3.419,3.275,3.477,4.44,4.019,3.256,2.765,Unemployment_Rate
KOR,"Korea, Rep.","Unemployment, total (% of total labor force) (modeled ILO estimate)",3.348,3.42,3.482,3.254,3.013,2.959,3.363,3.324,2.992,2.812,2.747,3.082,3.546,3.65,3.653,3.824,3.746,3.931,3.639,2.857,2.675,Unemployment_Rate
JPN,Japan,"Unemployment, total (% of total labor force) (modeled ILO estimate)",5.251,4.734,4.446,4.192,3.888,4.002,5.068,5.102,4.55,4.358,4.038,3.589,3.385,3.132,2.822,2.467,2.351,2.809,2.828,2.6,2.6,Unemployment_Rate
ITA,Italy,"Unemployment, total (% of total labor force) (modeled ILO estimate)",8.869,7.866,7.73,6.777,6.076,6.723,7.749,8.363,8.359,10.655,12.149,12.683,11.896,11.688,11.211,10.61,9.951,9.164,9.497,8.069,7.627,Unemployment_Rate
IDN,Indonesia,"Unemployment, total (% of total labor force) (modeled ILO estimate)",6.657,7.303,7.945,7.551,8.06,7.208,6.106,5.614,5.153,4.468,4.336,4.049,4.514,4.301,3.783,4.387,3.59,4.255,3.827,3.462,3.308,Unemployment_Rate
IND,India,"Unemployment, total (% of total labor force) (modeled ILO estimate)",7.68,7.625,7.552,7.552,7.561,7.656,7.664,7.652,7.616,7.666,7.711,7.674,7.631,7.601,7.618,7.652,6.51,7.859,6.38,4.822,4.172,Unemployment_Rate
DEU,Germany,"Unemployment, total (% of total labor force) (modeled ILO estimate)",9.779,10.727,11.193,10.277,8.732,7.508,7.88,7.043,5.967,5.372,5.316,4.979,4.612,4.104,3.781,3.384,3.163,3.881,3.594,3.12,3.068,Unemployment_Rate
FRA,France,"Unemployment, total (% of total labor force) (modeled ILO estimate)",8.306,8.914,8.882,8.832,8.008,7.386,9.122,9.279,9.228,9.841,9.913,10.273,10.354,10.057,9.409,9.018,8.415,8.009,7.874,7.308,7.335,Unemployment_Rate
CHN,China,"Unemployment, total (% of total labor force) (modeled ILO estimate)",4.58,4.49,4.52,4.43,4.35,4.59,4.72,4.53,4.55,4.58,4.6,4.63,4.65,4.56,4.47,4.31,4.56,5.0,4.55,4.98,4.67,Unemployment_Rate
CAN,Canada,"Unemployment, total (% of total labor force) (modeled ILO estimate)",7.574,7.185,6.758,6.484,6.156,6.284,8.46,8.178,7.637,7.392,7.143,7.023,6.945,7.038,6.426,5.837,5.69,9.657,7.527,5.279,5.415,Unemployment_Rate
BRA,Brazil,"Unemployment, total (% of total labor force) (modeled ILO estimate)",11.168,10.072,10.551,9.692,9.28,8.268,9.419,8.422,7.578,7.251,7.071,6.755,8.538,11.58,12.792,12.329,11.936,13.697,13.158,9.231,7.947,Unemployment_Rate
AUS,Australia,"Unemployment, total (% of total labor force) (modeled ILO estimate)",5.933,5.399,5.036,4.785,4.381,4.242,5.565,5.214,5.083,5.225,5.663,6.078,6.055,5.711,5.592,5.3,5.159,6.456,5.116,3.728,3.668,Unemployment_Rate
ARG,Argentina,"Unemployment, total (% of total labor force) (modeled ILO estimate)",15.36,13.522,11.506,10.078,8.47,7.837,8.645,7.714,7.18,7.217,7.1,7.268,7.579,8.085,8.347,9.22,9.843,11.461,8.736,6.805,6.139,Unemployment_Rate
USA,United States,Trade (% of GDP),22.6273130062789,24.4480622643257,25.6385530316517,26.9752780973197,28.0120176822667,29.8677957945319,24.7595311689876,28.2198952346731,30.8424862411943,30.6818353657295,30.0079539684645,30.0044781614855,27.8235649187872,26.6079620604584,27.3130208877206,27.6103792720958,26.4537594940475,23.4015629969394,25.6095576621932,27.3139397355363,25.2903297883366,Trade_Pct_GDP
GBR,United Kingdom,Trade (% of GDP),50.0681187039704,50.2885521756133,52.5442740383211,56.7047791729812,52.7493524964733,56.4365501052604,54.6537301085991,59.0511802227821,63.3240615708901,61.9688704472535,61.7195395154583,58.8210228333296,57.125044605439,59.8395315138259,63.1899245764158,64.9097721959201,65.0035664177054,59.1598893030611,58.53838629291,69.1989264413981,64.9923841747803,Trade_Pct_GDP
TUR,Turkiye,Trade (% of GDP),46.3681553387846,48.9934575435266,46.3088308846211,48.9456766641314,48.027468179713,50.7612500066681,47.0391385732199,46.9433366709891,53.651583897618,53.3277612968607,53.0683530043043,54.30677404128,51.8749252596832,48.870183807987,56.1356585158689,62.8251323851165,62.5784589326239,60.389853117297,69.6088976086437,79.8982722314341,65.6832084738667,Trade_Pct_GDP
ZAF,South Africa,Trade (% of GDP),45.723862568979,45.6435752240041,47.4277813970329,53.7681412741145,57.125139137747,65.9745237996233,49.5875353278801,50.4060871625999,54.6363504358971,55.5826171933345,58.875027630051,59.4995740550593,56.7266761447156,55.8612575048782,53.5359318293741,54.4855451276341,53.8979964081406,50.7596590804177,56.1647136277546,64.94713440234,65.6798759740707,Trade_Pct_GDP
SAU,Saudi Arabia,Trade (% of GDP),69.831170708742,75.0828366569341,81.9540759410158,89.9446046768984,94.8633170967657,96.1026308742185,84.8583415624843,82.5496850227537,84.3594342438995,81.74067854616,80.2515014286783,78.000111117736,67.1052692300592,57.9216635110364,59.5319791578229,59.1029104697141,56.7938204886513,47.533159225048,50.8839263398787,56.8241647749332,54.1690118283683,Trade_Pct_GDP
RUS,Russian Federation,Trade (% of GDP),59.1282690076014,56.5818523984055,56.7132484905422,54.733401867266,51.7061227454606,53.3824660408908,48.4350610278181,50.3555054872589,48.0353994077919,47.1513903857957,46.287149400499,47.8013412628116,49.3593493116887,46.5181198396096,46.8765243371311,51.5809003703964,49.2287536619033,45.9669082029127,50.5861954621752,42.7827864294811,40.8343264105273,Trade_Pct_GDP
MEX,Mexico,Trade (% of GDP),48.700416880838,52.0406200335632,52.5626446517886,54.4821160886169,55.2585243944498,56.3652818862573,54.5917421313503,59.2733845293851,62.1623872764498,64.2579318900113,62.6916747735807,64.0984090351215,70.412974676264,75.6903034088551,76.9521260407254,80.2126616568975,77.4619722571128,76.8545557056016,83.0692976357895,88.7984855867186,73.5788616365245,Trade_Pct_GDP
KOR,"Korea, Rep.",Trade (% of GDP),59.4242945541732,67.9270638751076,66.1695148242697,68.3749509402263,71.3239614988013,92.0833544961819,83.1246099057162,88.0278677123124,101.68061646213,101.51727207905,94.1675235855873,86.9342577972039,75.3881774564907,69.8997221316919,73.1921408264016,74.7075162140824,71.4470632403511,65.544957860621,75.3063047610912,90.5851475278549,82.2580090716629,Trade_Pct_GDP
JPN,Japan,Trade (% of GDP),21.3261252678119,23.6643534228975,26.2299545778565,30.0163760986692,32.816578051879,34.1294765412245,24.3901665338555,28.4984726938389,30.1949607286296,30.4709109171752,33.9787686509511,37.4314345686579,35.4274083544798,31.3102468455884,34.4232135721686,36.609931802107,35.2164181084145,31.335208636773,36.7384462280698,46.8129868368938,45.1508795641248,Trade_Pct_GDP
ITA,Italy,Trade (% of GDP),45.9940859777074,47.2663923891771,49.1221742288618,52.9235429597012,54.8280415572531,54.2142548956671,45.1414765721604,51.6621118138339,54.4722149449288,54.8844952702204,54.0341846317499,54.4545299332032,55.4356858148221,54.4321467018313,57.5829940274911,59.2749835128154,58.6941902594738,53.9394839042764,60.3019776202798,72.0165023032697,65.1071778763174,Trade_Pct_GDP
IDN,Indonesia,Trade (% of GDP),53.6164937473016,59.761294836691,63.9879358688635,56.6571268148867,54.8292499782075,58.5613996312961,45.5121213687054,46.7012738758737,50.1800131841104,49.5828982992627,48.6373726752893,48.0801755855227,41.9376402415294,37.4213418023318,39.3554970704606,43.0743089552002,37.6277775357108,32.9721754002427,40.2047582749671,45.4646701959453,41.3362868707652,Trade_Pct_GDP
IND,India,Trade (% of GDP),30.592436132908,37.503814059447,42.0016696148691,45.7244804992652,45.686268679348,53.3682204392226,46.2728696428837,49.2552064974161,55.6238800135298,55.7937217287511,53.8441319466777,48.9221857470669,41.9229138658647,40.082485713276,40.7424969545225,43.6169693323889,39.9054035306442,37.7581053292768,45.4230887840446,50.0752701498882,44.9928422877561,Trade_Pct_GDP
DEU,Germany,Trade (% of GDP),58.9145442942507,62.9064909465164,66.9531024934321,72.7591934646234,74.8838416816798,76.1131665945746,66.1391275757126,73.8852351200263,78.433002901442,79.3316495670315,77.5860288576931,76.8483516336234,77.7565815686922,76.0059902166055,77.4548394742448,79.1252260463654,79.0732427175683,72.9335327120137,79.9195348609851,88.7857542130501,81.9625483787634,Trade_Pct_GDP
FRA,France,Trade (% of GDP),52.5988822870657,53.7497648292028,55.8228361241299,57.8692775292673,58.1525611309659,59.1797928411748,52.1991123027613,56.587555247796,60.6056354816406,61.6589570771102,61.8192338733962,62.1992669379507,63.5046871956484,63.3427564383351,65.3958481559711,66.8022607812266,66.4289771741449,58.8388907240647,63.788482630872,75.9630077981996,70.6261450610225,Trade_Pct_GDP
CHN,China,Trade (% of GDP),51.0774801301803,58.6403340408439,61.3600749408237,63.5695798621627,61.2664640006176,56.7111330003209,44.4197644331119,49.8540722338977,49.9458272253643,47.4802130784317,45.9160413795571,44.0684564812532,38.6971848362625,36.177170692978,36.95085261586,36.8943843914718,35.1994202738836,34.0389507864581,36.5206911762676,37.440719876366,36.1051923691138,Trade_Pct_GDP
CAN,Canada,Trade (% of GDP),69.8400946170607,70.1924199909562,69.7591330167357,68.0521644769988,66.2834197482347,67.0236083618983,58.4743918224897,60.2081215044483,62.4987387708328,62.5955489395005,62.2310749013405,64.3786621564923,66.1649020669781,65.3636845215556,65.1010608504649,66.5998858508762,66.1714852804959,61.1567709632763,62.2468367159421,67.3176215563989,66.6323313370668,Trade_Pct_GDP
BRA,Brazil,Trade (% of GDP),28.1403847215489,29.6782524803495,27.0867952052479,26.0416998879446,25.2926113757805,27.2575694165953,22.1059756060711,22.7721781132208,23.9344051765103,25.1142736103322,25.7859573281452,24.685405813292,26.9536259372369,24.5336820770756,24.3197343741684,28.876203376153,28.8902578697354,32.3020785443492,37.6563307592575,38.8160659764321,33.6662298301284,Trade_Pct_GDP
AUS,Australia,Trade (% of GDP),40.1348011794482,36.9505159618289,39.0978822564811,41.4878923489153,41.9297451276561,42.7522207880308,45.5936120867789,40.3905070860606,41.7219860149689,43.0198495527558,41.100511881056,42.2993095385282,41.4947506939901,40.813402217321,42.0354135251854,43.5732253645218,46.0016827052171,44.499564103879,40.2022359390595,45.6946418805752,49.044339318428,Trade_Pct_GDP
ARG,Argentina,Trade (% of GDP),40.6447480311085,40.692646108947,40.5512709706238,40.4334798719151,40.945170618571,40.4026733790382,34.0571269054879,34.9710132635696,35.2061549999644,30.5265423717108,29.3339290021037,28.4067936452275,22.4862260889792,26.0938878488799,25.2896011376779,30.7625359549926,32.6306150458499,30.203698807416,33.078689567466,31.5801792606256,26.6769512482215,Trade_Pct_GDP
USA,United States,Forest area (% of land area),33.2999196674933,33.3565016939681,33.4130837204429,33.4696657469177,33.5262477733925,33.6360635020585,33.6927352193296,33.7494069366007,33.7794700582241,33.8095331798474,33.8395963014708,33.8696594230942,33.8997225447175,33.8997225447175,33.8669264120375,33.8669264120375,33.8669264120375,33.8669264120375,33.8669264120375,33.8669264120375,33.8669264120375,Forest_Area_Pct
GBR,United Kingdom,Forest area (% of land area),12.3403463811846,12.3837473649403,12.4271483486959,12.4705493324515,12.5139503162072,12.5573512999628,12.6007522837184,12.6441532674741,12.7235150663415,12.8028768652089,12.8822386640764,12.9616004629438,13.0409622618113,13.0574959699087,13.0781631050304,13.1153639482495,13.1525647914686,13.1856322076634,13.2214553796553,13.2554871243748,13.2907130161617,Forest_Area_Pct
TUR,Turkiye,Forest area (% of land area),26.5436235593727,26.665075425854,26.7865272923353,26.9079791588166,27.0294310252979,27.1508828917792,27.2723347582605,27.3937866247418,27.535990021179,27.6781934176163,27.8203968140535,27.9626002104908,28.104803606928,28.104803606928,28.2635292283305,28.4660940971636,28.6687888985616,28.8714836999597,29.0741785013578,29.2768733027559,29.4795681041539,Forest_Area_Pct
ZAF,South Africa,Forest area (% of land area),14.5651930194792,14.5351870017888,14.5051809840985,14.4751749664081,14.4451689487177,14.4151629310274,14.385156913337,14.3551508956467,14.3251448779563,14.2951388602659,14.2651328425756,14.2351268248852,14.2051208071948,14.1751147895045,14.1451087718141,14.1151027541238,14.0850967364334,14.055090718743,14.0250847010527,13.9950786833623,13.965072665672,Forest_Area_Pct
SAU,Saudi Arabia,Forest area (% of land area),0.454484134921779,0.454484134921779,0.454484134921779,0.454484134921779,0.454484134921779,0.454484134921779,0.454484134921779,0.454484134921779,0.454484134921779,0.454484134921779,0.454484134921779,0.454484134921779,0.454484134921779,0.454484134921779,0.454484134921779,0.454484134921779,0.454484134921779,0.454484134921779,0.454484134921779,0.454484134921779,0.454484134921779,Forest_Area_Pct
RUS,Russian Federation,Forest area (% of land area),49.5103852150482,49.5454456106165,49.5807773333032,49.6276507015009,49.6634743255174,49.7019381603444,49.7377636874446,49.7735892145447,49.7710839739218,49.7685787332989,49.766073492676,49.763568252053,49.7610630114301,49.7726977132993,49.7843605035639,49.7843605035639,49.7843605035639,49.7843605035639,49.7843605035639,49.7843605035639,49.7843605035639,Forest_Area_Pct
MEX,Mexico,Forest area (% of land area),34.9545708480156,34.8805956943337,34.8066205406518,34.7326453869698,34.6586702332879,34.584695079606,34.510719925924,34.4367447722421,34.3737390364979,34.3107333007536,34.2477275650094,34.1847218292652,34.1217160935209,34.0559942385349,33.9902672393837,33.9247408626765,33.858895547725,33.7930502327735,33.727204917822,33.6618740193935,33.5959176419147,Forest_Area_Pct
KOR,"Korea, Rep.",Forest area (% of land area),66.625,66.5193141912828,66.4068146618482,66.2943848059455,66.1751960379695,66.0356737808021,65.8963527714816,65.7098765432099,65.6137462701924,65.4300688521221,65.2495227146758,65.1442060966848,65.0315562625071,64.8791145667716,64.783099169316,64.6739130434783,64.5184426229508,64.4159836065574,64.3135245901639,64.2110655737705,64.108606557377,Forest_Area_Pct
JPN,Japan,Forest area (% of land area),68.320987654321,68.3456790123457,68.3703703703704,68.3950617283951,68.4197530864198,68.4444444444444,68.4691358024691,68.4938271604938,68.481755829904,68.4696844993141,68.4576131687243,68.4455418381344,68.4334705075446,68.4224965706447,68.4087791495199,68.4087791495199,68.4087791495199,68.4087791495199,68.4087791495199,68.4087791495199,68.3957811364628,Forest_Area_Pct
ITA,Italy,Forest area (% of land area),28.9697854036616,29.1925618325567,29.4153382614518,29.6381146903469,29.860891119242,30.0836675481371,30.3064439770322,30.5292204059273,30.7111775407652,30.8931346756031,31.075091810441,31.2570489452789,31.4390060801169,31.6209699781549,31.8029338761929,31.9848977742309,32.1669704480973,32.3489349614665,32.5308994748357,32.7125321249831,32.8944947923712,Forest_Area_Pct
IDN,Indonesia,Forest area (% of land area),53.684548598443,53.5982219088063,53.5118952191696,53.4255685295329,53.3392418398962,53.2529151502595,53.1665884606228,53.0802617709861,52.586919226916,52.0935766828458,51.6002341387757,51.1068915947056,50.6135490506354,50.7434545269582,50.0393338229866,49.7168177792076,49.3942964092507,49.0717803654717,48.3619448681206,48.0419900717626,47.7220336902463,Forest_Area_Pct
IND,India,Forest area (% of land area),22.9257127866029,22.9897853820307,23.0538579774586,23.1179305728864,23.1820031683142,23.246075763742,23.3101483591698,23.3742209545976,23.4638216864714,23.5534224183453,23.6430231502191,23.732623882093,23.8222246139668,23.9116908102072,24.0014933455312,24.0909595417716,24.1807620770956,24.270228273336,24.3596944695764,24.4494970049005,24.5390304689576,Forest_Area_Pct
DEU,Germany,Forest area (% of land area),32.5979759754594,32.6174843019755,32.6341897006537,32.653704978206,32.6741618148966,32.6936867165763,32.7113393190098,32.7308718478354,32.7375487720909,32.7451655477133,32.7189864709929,32.7228432215535,32.7323281545606,32.685482024273,32.6845464693591,32.6836109680005,32.6826755201923,32.6826755201923,32.6826755201923,32.685482024273,32.6789342643734,Forest_Area_Pct
FRA,France,Forest area (% of land area),28.9958252156972,29.2056777066518,29.4155301976065,29.6253826885611,29.8352351795157,30.0450876704704,30.254940161425,30.4647926523796,30.6195379905372,30.7742833286947,30.9290286668522,31.0837740050097,31.2385193431673,31.3932646813248,31.5480100194823,31.7027553576399,31.8575006957974,32.0122460339549,32.1669913721124,32.32173671027,32.4764820484275,Forest_Area_Pct
CHN,China,Forest area (% of land area),19.6079386867747,19.8594228667065,20.1109081284255,20.3623927769671,20.6138778860824,20.8653616938384,21.1168450517356,21.3683288541342,21.574627370433,21.7809258867318,21.9872244030306,22.1935229193294,22.3998214356282,22.6305120997506,22.8306567492632,23.0309079153534,23.2311590814436,23.4313037309562,23.6315548970464,23.8316995465589,24.0319389958256,Forest_Area_Pct
CAN,Canada,Forest area (% of land area),38.7769284564652,38.7715773306609,38.7662262048566,38.7608750790522,38.7555239532479,38.7501728274436,38.7448217016393,38.7394705758349,38.7348640747569,38.7302575736789,38.7256510726009,38.7210445715229,38.7164380704449,38.7120133755838,38.7078876013737,38.7037629425392,38.6996371683291,38.6955125094946,39.4701279256318,39.4659199995449,39.4617117321106,Forest_Area_Pct
BRA,Brazil,Forest area (% of land area),64.5162954915806,64.0436077883357,63.5709200850907,63.0982323818457,62.6255446786007,62.1528569753558,61.6801692721108,61.2074815688658,61.023328156743,60.8391747446202,60.6550213324974,60.4708679203746,60.2867384370207,60.0710205859198,59.8329293359527,59.7083800941358,59.5585860011916,59.4174780513368,59.2704836243471,59.1275092305226,58.9818729765235,Forest_Area_Pct
AUS,Australia,Forest area (% of land area),17.0695885346836,17.04006612603,17.0105437173763,16.9810213087226,16.951498900069,16.9219764914153,16.8924540827617,16.862931674108,16.9553102586465,17.047688843185,17.1400674277235,17.232446012262,17.3248245968004,17.4254877132405,17.4229136169693,17.4213145571644,17.4213145571644,17.4213145571644,17.4213145571644,17.4213145571644,17.4213145571644,Forest_Area_Pct
ARG,Argentina,Forest area (% of land area),11.8496431820922,11.7340290643076,11.618414946523,11.5028008287384,11.3871867109537,11.2715725931691,11.1559584753845,11.0403443575999,10.9587128976976,10.8770814377953,10.795449977893,10.7138185179907,10.6321870580884,10.6003968297469,10.5598368832422,10.5203731515078,10.4801786099266,10.4407148781923,10.4008857415345,10.3610566048767,10.3212951412107,Forest_Area_Pct
USA,United States,Renewable energy consumption (% of total final energy consumption),5.3,5.5,5.8,6.4,6.3,6.8,7.3,7.4,8.4,8.5,8.9,9.0,8.9,9.3,9.7,9.9,10.2,11.0,10.9,,,Renewable_Energy_Pct
GBR,United Kingdom,Renewable energy consumption (% of total final energy consumption),0.9,1.1,1.4,1.6,1.8,2.4,3.0,3.2,4.0,4.2,5.2,6.6,7.7,7.7,8.8,10.2,11.4,13.6,12.2,,,Renewable_Energy_Pct
TUR,Turkiye,Renewable energy consumption (% of total final energy consumption),16.3,16.8,15.3,14.2,12.5,12.5,13.1,14.2,12.7,13.0,13.8,11.5,13.3,13.2,11.4,11.8,14.1,13.7,12.0,,,Renewable_Energy_Pct
ZAF,South Africa,Renewable energy consumption (% of total final energy consumption),11.8,11.0,9.7,9.3,8.7,9.7,9.2,9.4,9.0,8.3,7.8,7.6,7.6,7.8,7.9,8.0,8.7,9.8,9.7,,,Renewable_Energy_Pct
SAU,Saudi Arabia,Renewable energy consumption (% of total final energy consumption),0.0,0.0,0.0,0.0,0.0,0.0,0.0,0.0,0.0,0.0,0.0,0.0,0.0,0.0,0.0,0.0,0.0,0.1,0.1,,,Renewable_Energy_Pct
RUS,Russian Federation,Renewable energy consumption (% of total final energy consumption),3.3,3.5,3.6,3.5,3.7,3.3,3.6,3.3,3.2,3.2,3.6,3.3,3.2,3.4,3.2,3.2,3.2,3.7,3.5,,,Renewable_Energy_Pct
MEX,Mexico,Renewable energy consumption (% of total final energy consumption),10.2,10.2,10.3,9.8,9.5,9.8,9.2,9.4,9.1,9.0,9.2,9.8,9.2,9.2,10.1,10.3,10.3,12.3,13.0,,,Renewable_Energy_Pct
KOR,"Korea, Rep.",Renewable energy consumption (% of total final energy consumption),0.8,0.8,0.9,0.9,1.0,1.1,1.2,1.3,1.4,1.6,1.9,2.9,2.7,2.6,2.8,3.2,3.2,3.6,3.6,,,Renewable_Energy_Pct
JPN,Japan,Renewable energy consumption (% of total final energy consumption),4.2,4.3,4.0,4.4,4.3,4.4,4.5,4.7,4.8,4.7,5.0,5.6,6.2,6.4,6.9,7.3,7.8,8.5,8.8,,,Renewable_Energy_Pct
ITA,Italy,Renewable energy consumption (% of total final energy consumption),6.2,5.9,6.7,7.5,8.7,10.8,12.5,12.8,11.9,14.4,16.3,17.1,16.6,16.1,16.4,17.1,17.3,18.7,17.5,,,Renewable_Energy_Pct
IDN,Indonesia,Renewable energy consumption (% of total final energy consumption),43.0,41.5,41.6,40.1,40.0,41.1,38.2,36.0,32.4,30.1,30.6,29.3,26.6,27.8,25.2,22.0,19.8,21.9,20.2,,,Renewable_Energy_Pct
IND,India,Renewable energy consumption (% of total final energy consumption),45.6,44.9,44.2,43.2,41.5,39.4,37.4,36.2,35.0,34.8,34.9,33.9,33.4,33.0,32.5,32.9,33.5,36.1,34.9,,,Renewable_Energy_Pct
DEU,Germany,Renewable energy consumption (% of total final energy consumption),5.4,6.3,7.3,8.6,10.5,10.2,10.7,11.6,12.5,13.6,13.6,14.0,14.6,14.2,15.2,16.0,17.1,18.5,17.6,,,Renewable_Energy_Pct
FRA,France,Renewable energy consumption (% of total final energy consumption),8.8,8.9,8.6,8.5,9.4,10.5,11.2,11.9,10.6,12.3,13.4,13.2,13.3,14.2,14.1,15.2,15.5,16.8,16.2,,,Renewable_Energy_Pct
CHN,China,Renewable energy consumption (% of total final energy consumption),23.9,20.2,17.4,16.4,14.9,14.1,13.4,12.3,11.3,11.5,11.5,11.9,12.2,12.6,13.1,13.5,14.3,14.9,15.2,,,Renewable_Energy_Pct
CAN,Canada,Renewable energy consumption (% of total final energy consumption),19.7,20.4,21.6,21.5,21.6,21.6,22.2,21.4,21.5,21.8,22.2,22.2,22.3,22.1,22.8,22.3,22.4,23.9,23.8,,,Renewable_Energy_Pct
BRA,Brazil,Renewable energy consumption (% of total final energy consumption),45.1,45.2,46.1,46.7,47.2,47.0,48.9,46.8,45.2,43.5,42.3,41.7,43.7,45.4,45.3,46.9,47.5,50.0,46.5,,,Renewable_Energy_Pct
AUS,Australia,Renewable energy consumption (% of total final energy consumption),7.2,6.7,6.7,6.8,7.0,6.8,7.1,8.2,8.3,8.3,9.2,9.3,9.4,9.6,9.9,9.8,10.3,11.2,12.3,,,Renewable_Energy_Pct
ARG,Argentina,Renewable energy consumption (% of total final energy consumption),10.8,9.3,9.6,9.2,7.7,7.7,8.6,8.8,8.8,8.6,8.9,9.8,9.4,9.4,10.4,10.5,10.7,9.8,9.2,,,Renewable_Energy_Pct
USA,United States,Access to electricity (% of population),100.0,100.0,100.0,100.0,100.0,100.0,100.0,100.0,100.0,100.0,100.0,100.0,100.0,100.0,100.0,100.0,100.0,100.0,100.0,100.0,100.0,Electricity_Access_Pct
GBR,United Kingdom,Access to electricity (% of population),100.0,100.0,100.0,100.0,100.0,100.0,100.0,100.0,100.0,100.0,100.0,100.0,100.0,100.0,100.0,100.0,100.0,100.0,100.0,100.0,100.0,Electricity_Access_Pct
TUR,Turkiye,Access to electricity (% of population),99.8,99.7,99.7,99.7,99.7,99.7,99.7,100.0,100.0,100.0,100.0,100.0,100.0,100.0,100.0,100.0,100.0,100.0,100.0,100.0,100.0,Electricity_Access_Pct
ZAF,South Africa,Access to electricity (% of population),78.8,80.6,80.8,80.7,82.0,81.9,82.6,82.8,83.6,85.2,85.2,85.9,85.3,83.9,84.4,84.7,85.0,90.0,89.3,86.5,87.7,Electricity_Access_Pct
SAU,Saudi Arabia,Access to electricity (% of population),100.0,100.0,100.0,100.0,100.0,100.0,100.0,100.0,100.0,100.0,100.0,100.0,100.0,99.9,100.0,99.9,100.0,100.0,100.0,100.0,100.0,Electricity_Access_Pct
RUS,Russian Federation,Access to electricity (% of population),97.9,98.0,98.0,98.1,98.2,98.3,98.4,99.3,99.2,100.0,100.0,100.0,95.5,99.4,100.0,100.0,99.8,99.9,100.0,100.0,100.0,Electricity_Access_Pct
MEX,Mexico,Access to electricity (% of population),97.4,98.6,98.9,99.1,97.9,98.9,98.3,99.2,99.0,99.1,99.1,99.2,99.0,99.5,100.0,99.5,99.6,99.4,100.0,100.0,99.7,Electricity_Access_Pct
KOR,"Korea, Rep.",Access to electricity (% of population),100.0,100.0,100.0,100.0,100.0,100.0,100.0,100.0,100.0,100.0,100.0,100.0,100.0,100.0,100.0,100.0,100.0,100.0,100.0,100.0,100.0,Electricity_Access_Pct
JPN,Japan,Access to electricity (% of population),100.0,100.0,100.0,100.0,100.0,100.0,100.0,100.0,100.0,100.0,100.0,100.0,100.0,100.0,100.0,100.0,100.0,100.0,100.0,100.0,100.0,Electricity_Access_Pct
ITA,Italy,Access to electricity (% of population),100.0,100.0,100.0,100.0,100.0,100.0,100.0,100.0,100.0,100.0,100.0,100.0,100.0,100.0,100.0,100.0,100.0,100.0,100.0,100.0,100.0,Electricity_Access_Pct
IDN,Indonesia,Access to electricity (% of population),87.9,89.0,84.8,90.6,91.1,92.7,93.6,94.2,94.8,96.0,96.5,97.0,97.5,97.6,98.1,98.5,98.9,97.0,99.2,100.0,99.4,Electricity_Access_Pct
IND,India,Access to electricity (% of population),65.4,64.4,68.8,67.9,72.3,74.1,75.0,76.3,79.5,79.9,83.1,85.1,88.0,89.6,91.8,95.7,95.9,96.5,99.6,99.2,99.5,Electricity_Access_Pct
DEU,Germany,Access to electricity (% of population),100.0,100.0,100.0,100.0,100.0,100.0,100.0,100.0,100.0,100.0,100.0,100.0,100.0,100.0,100.0,100.0,100.0,100.0,100.0,100.0,100.0,Electricity_Access_Pct
FRA,France,Access to electricity (% of population),100.0,100.0,100.0,100.0,100.0,100.0,100.0,100.0,100.0,100.0,100.0,100.0,100.0,100.0,100.0,100.0,100.0,100.0,100.0,100.0,100.0,Electricity_Access_Pct
CHN,China,Access to electricity (% of population),97.4,97.7,97.9,98.2,98.5,98.8,99.1,99.7,99.9,99.9,100.0,100.0,100.0,100.0,100.0,100.0,100.0,100.0,100.0,100.0,100.0,Electricity_Access_Pct
CAN,Canada,Access to electricity (% of population),100.0,100.0,100.0,100.0,100.0,100.0,100.0,100.0,100.0,100.0,100.0,100.0,100.0,100.0,100.0,100.0,100.0,100.0,100.0,100.0,100.0,Electricity_Access_Pct
BRA,Brazil,Access to electricity (% of population),97.0,96.8,97.1,97.6,98.1,98.5,98.9,98.6,99.3,99.5,99.6,99.7,99.7,99.7,99.8,99.7,99.8,99.7,99.5,100.0,99.8,Electricity_Access_Pct
AUS,Australia,Access to electricity (% of population),100.0,100.0,100.0,100.0,100.0,100.0,100.0,100.0,100.0,100.0,100.0,100.0,100.0,100.0,100.0,100.0,100.0,100.0,100.0,100.0,100.0,Electricity_Access_Pct
ARG,Argentina,Access to electricity (% of population),96.3,96.5,96.7,97.0,97.2,97.5,97.8,98.8,99.0,99.1,99.3,100.0,99.7,99.9,100.0,100.0,100.0,100.0,100.0,100.0,100.0,Electricity_Access_Pct
USA,United States,Individuals using the Internet (% of population),61.6971,64.7583,67.9681,68.9312,75.0,74.0,71.0,71.69,69.7295,74.7,71.4,73.0,74.5542,85.5444,87.2749,88.4989,89.4303,90.3447,91.2684,92.2016,93.1444,Internet_Users_Pct
GBR,United Kingdom,Individuals using the Internet (% of population),64.82,65.61,70.0,68.82,75.09,78.39,83.56,85.0,85.38,87.48,89.8441,91.6133,92.0003,94.7758,90.4246,90.692,92.5166,94.8182,96.1965,96.2989,96.2988,Internet_Users_Pct
TUR,Turkiye,Individuals using the Internet (% of population),12.33,14.58,15.46,18.24,28.63,34.37,36.4,39.82,43.0657,45.13,46.25,51.0374,53.745,58.3477,64.6846,71.0428,73.9767,77.6696,81.4084,83.4372,85.9607,Internet_Users_Pct
ZAF,South Africa,Individuals using the Internet (% of population),7.00769,8.42512,7.48854,7.60714,8.06538,8.43,10.0,24.0,33.97,41.0,46.5,49.0,51.9191,54.0,56.1674,62.4,69.6969,72.1128,74.9686,75.4556,75.6592,Internet_Users_Pct
SAU,Saudi Arabia,Individuals using the Internet (% of population),8.00158,10.2345,12.705,19.4596,30.0,36.0,38.0,41.0,47.5,54.0,60.5,64.7137,69.6162,74.8793,94.1756,93.31,95.7247,97.8623,100.0,100.0,100.0,Internet_Users_Pct
RUS,Russian Federation,Individuals using the Internet (% of population),8.29886,12.8594,15.2267,18.0233,24.66,32.0,42.55,49.0,58.0,66.0,67.97,70.5176,70.0992,73.0914,76.0081,80.8647,82.6422,84.9947,88.2138,90.418,92.245,Internet_Users_Pct
MEX,Mexico,Individuals using the Internet (% of population),12.9,14.1,17.21,19.52,20.81,21.71,26.34,31.05,37.1763,39.75,43.46,44.3857,57.431,59.5404,53.0318,56.6596,69.6321,71.4902,75.6265,78.6322,81.1832,Internet_Users_Pct
KOR,"Korea, Rep.",Individuals using the Internet (% of population),65.5,72.7,73.5,78.1,78.8,81.0,81.6,83.7,83.7591,84.07,84.77,87.5568,89.8963,92.843,95.0694,96.0229,96.1576,96.5051,97.5713,97.1686,97.416,Internet_Users_Pct
JPN,Japan,Individuals using the Internet (% of population),48.4353,62.3939,66.9211,68.6853,74.3,75.4,78.0,78.21,79.0541,79.4964,88.2194,89.1068,91.058,93.1827,91.7265,88.7464,92.7304,90.2195,82.9141,84.9234,86.9815,Internet_Users_Pct
ITA,Italy,Individuals using the Internet (% of population),29.04,33.24,35.0,37.99,40.79,44.53,48.83,53.68,54.39,55.83,58.4593,55.6385,58.1417,61.3243,63.0773,74.3872,67.8507,70.4834,74.8623,85.0607,87.0278,Internet_Users_Pct
IDN,Indonesia,Individuals using the Internet (% of population),2.38702,2.60029,3.60202,4.76481,5.78627,7.91748,6.92,10.92,12.28,14.52,14.94,17.1432,22.0627,25.4474,32.3358,39.9046,47.6906,53.7265,62.1045,66.4846,69.2084,Internet_Users_Pct
IND,India,Individuals using the Internet (% of population),1.68649,1.97614,2.38807,2.8055,3.95,4.38,5.12,7.5,10.07,11.1,12.3,13.5,14.9,16.5,18.2,20.0813,29.5235,43.4054,,55.9,,Internet_Users_Pct
DEU,Germany,Individuals using the Internet (% of population),55.9,64.73,68.71,72.16,75.16,78.0,79.0,82.0,81.27,82.35,84.17,86.1937,87.5898,84.1652,84.3942,87.0371,88.1345,89.8129,91.4306,91.6298,92.4764,Internet_Users_Pct
FRA,France,Individuals using the Internet (% of population),36.14,39.15,42.87,46.87,66.09,70.68,71.58,77.28,77.82,81.44,81.9198,83.7511,78.006,79.2698,80.5025,82.0432,83.3397,84.7064,86.0955,85.3333,86.8364,Internet_Users_Pct
CHN,China,Individuals using the Internet (% of population),6.2,7.3,8.52326,10.5232,16.0,22.6,28.9,34.3,38.3,42.3001,45.8,47.9,50.3,53.2,54.3,59.2,64.0809,70.0528,73.0532,75.6113,90.6,Internet_Users_Pct
CAN,Canada,Individuals using the Internet (% of population),64.2,65.956,71.66,72.4,73.2,76.7,80.3,80.3,83.0,83.0,85.8,87.12,90.0,91.16,92.7014,94.64,91.9129,92.3,93.9371,94.0,93.9564,Internet_Users_Pct
BRA,Brazil,Individuals using the Internet (% of population),13.2076,19.0737,21.0227,28.1784,30.88,33.83,39.22,40.65,45.69,48.56,51.04,54.551,58.328,60.8725,67.4713,70.4343,73.9124,81.3427,80.6899,80.5278,84.1506,Internet_Users_Pct
AUS,Australia,Individuals using the Internet (% of population),,,63.0,66.0,69.45,71.67,74.25,76.0,79.4877,79.0,83.4535,84.0,84.5605,86.54,86.545,90.0,93.6099,94.6935,96.9722,97.0424,97.0631,Internet_Users_Pct
ARG,Argentina,Individuals using the Internet (% of population),11.9137,16.0367,17.7206,20.9272,25.9466,28.1126,34.0,45.0,51.0,55.8,59.9,64.7,68.0431,70.969,74.2949,77.7,79.947,85.5144,87.1507,88.3754,89.229,Internet_Users_Pct
USA,United States,Mobile cellular subscriptions (per 100 people),55.4096,63.1242,68.8835,76.8586,82.5923,85.6805,89.0461,91.6593,94.683,96.1284,97.0595,99.8396,101.832,102.752,102.381,103.935,105.321,103.855,106.325,108.786,112.411,Mobile_Subscriptions_Per100
GBR,United Kingdom,Mobile cellular subscriptions (per 100 people),90.6985,99.1988,108.046,114.786,119.989,120.819,122.357,121.781,121.498,122.465,122.185,120.958,121.212,119.787,119.207,118.184,120.25,117.305,117.887,119.834,122.796,Mobile_Subscriptions_Per100
TUR,Turkiye,Mobile cellular subscriptions (per 100 people),41.1128,50.5995,62.901,75.1837,87.5976,91.9815,86.6345,84.2159,88.0167,90.0041,91.1758,92.1219,92.0327,91.9287,93.6408,94.9086,94.6498,95.3961,99.5415,103.721,105.684,Mobile_Subscriptions_Per100
ZAF,South Africa,Mobile cellular subscriptions (per 100 people),34.7626,42.536,68.6198,79.3267,83.715,88.0375,89.7687,96.2325,120.766,127.168,140.576,142.604,155.138,143.929,153.548,157.692,162.739,158.447,163.128,160.729,171.509,Mobile_Subscriptions_Per100
SAU,Saudi Arabia,Mobile cellular subscriptions (per 100 people),38.5283,46.6498,68.8923,91.8024,126.965,154.587,185.255,204.969,206.852,195.843,189.476,181.857,176.134,156.041,130.63,136.046,135.526,139.444,145.004,149.798,157.775,Mobile_Subscriptions_Per100
RUS,Russian Federation,Mobile cellular subscriptions (per 100 people),24.785,50.7798,82.9888,104.56,119.005,138.738,159.902,165.137,141.451,144.198,150.964,152.513,156.419,157.174,155.486,156.683,163.646,163.101,169.073,168.476,180.842,Mobile_Subscriptions_Per100
MEX,Mexico,Mobile cellular subscriptions (per 100 people),29.2272,36.8327,44.5403,51.649,61.1904,68.2256,74.2802,80.4263,82.0725,86.2256,90.2012,87.6145,88.9454,91.3942,92.6494,96.4612,97.0359,96.9237,99.0948,105.713,111.562,Mobile_Subscriptions_Per100
KOR,"Korea, Rep.",Mobile cellular subscriptions (per 100 people),70.6984,76.705,80.1275,83.7326,92.094,94.3141,98.759,104.097,106.878,108.115,109.206,113.359,115.595,119.49,123.642,128.495,133.08,135.973,140.516,148.684,162.114,Mobile_Subscriptions_Per100
JPN,Japan,Mobile cellular subscriptions (per 100 people),67.8735,71.5671,75.4292,77.9907,83.8012,86.1411,90.7194,96.1789,103.642,110.319,115.787,123.822,126.151,131.215,135.986,141.729,147.21,154.432,159.516,168.603,178.432,Mobile_Subscriptions_Per100
ITA,Italy,Mobile cellular subscriptions (per 100 people),98.3206,107.861,122.181,136.871,151.925,151.676,150.295,155.684,159.093,160.559,159.698,148.217,144.764,142.127,138.882,138.265,132.181,129.49,130.781,131.674,131.872,Mobile_Subscriptions_Per100
IDN,Indonesia,Mobile cellular subscriptions (per 100 people),8.21836,13.3098,20.3186,27.2719,39.3934,58.5358,67.2958,85.7839,100.135,111.581,122.425,125.767,129.469,145.704,162.783,118.33,125.244,129.404,132.199,122.873,125.238,Mobile_Subscriptions_Per100
IND,India,Mobile cellular subscriptions (per 100 people),3.01665,4.59687,7.80652,14.1575,19.6208,28.7177,42.8461,60.4906,70.8726,67.6264,68.3967,71.9367,75.3793,83.9178,85.9704,85.5501,82.8981,82.254,81.604,80.1818,80.5632,Mobile_Subscriptions_Per100
DEU,Germany,Mobile cellular subscriptions (per 100 people),78.917,86.8798,96.6169,104.835,118.37,130.097,129.733,109.364,112.419,114.192,123.435,122.309,117.401,125.024,132.003,128.946,128.292,128.425,127.125,124.158,124.663,Mobile_Subscriptions_Per100
FRA,France,Mobile cellular subscriptions (per 100 people),68.6553,72.8138,78.0332,83.2589,88.6688,92.3412,91.7782,91.1186,93.8529,97.1925,98.3479,101.132,102.718,103.817,105.718,107.482,109.601,110.387,113.953,115.951,116.688,Mobile_Subscriptions_Per100
CHN,China,Mobile cellular subscriptions (per 100 people),20.8536,25.7141,30.0304,34.9802,41.2808,48.0758,55.6575,63.5563,72.5052,81.2076,89.1302,92.6612,92.5401,97.2139,104.073,116.229,122.67,120.497,121.492,124.195,128.247,Mobile_Subscriptions_Per100
CAN,Canada,Mobile cellular subscriptions (per 100 people),41.7477,46.7437,52.4553,57.2331,61.2755,66.0481,70.3945,75.5197,77.6723,79.3757,80.3549,80.7902,82.7674,84.5919,86.1024,89.0495,90.9589,84.7748,87.4056,91.2387,94.1497,Mobile_Subscriptions_Per100
BRA,Brazil,Mobile cellular subscriptions (per 100 people),25.6741,35.9135,46.6789,53.5317,64.1626,79.132,88.1849,101.667,120.008,126.132,136.589,140.305,127.836,120.101,108.093,101.602,97.3747,98.6456,104.825,101.245,101.02,Mobile_Subscriptions_Per100
AUS,Australia,Mobile cellular subscriptions (per 100 people),72.3885,82.2081,90.7636,95.9663,101.458,103.507,101.914,101.619,105.824,106.5,107.332,106.206,107.608,109.129,107.8,110.033,109.753,104.93,105.119,109.469,112.513,Mobile_Subscriptions_Per100
ARG,Argentina,Mobile cellular subscriptions (per 100 people),20.4096,34.8114,56.4973,79.5273,100.962,115.052,128.462,138.252,145.511,152.574,158.191,142.325,142.241,145.147,139.758,131.224,125.303,121.181,130.353,131.484,137.706,Mobile_Subscriptions_Per100
USA,United States,"School enrollment, primary (% gross)",,,101.8740234375,,,,,,,,99.455436706543,99.6733779907227,100.299911499023,101.362861633301,101.821441650391,101.256561279297,100.981300354004,100.305793762207,98.3054885864258,96.9717330932617,,Primary_Enrollment_Pct
GBR,United Kingdom,"School enrollment, primary (% gross)",100.598129272461,105.938087463379,105.804702758789,104.354080200195,103.104927062988,105.741897583008,105.421211242676,105.673240661621,105.026268005371,105.795967102051,105.336990356445,99.9967498779297,100.204040527344,100.381576538086,100.781051635742,101.327049255371,101.90941619873,102.22395324707,102.194450378418,102.53524017334,102.555801391602,Primary_Enrollment_Pct
TUR,Turkiye,"School enrollment, primary (% gross)",104.261337280273,104.270729064941,104.605560302734,104.943740844727,105.445426940918,102.862808227539,101.92414855957,104.570068359375,105.751289367676,104.708396911621,114.724349975586,111.935722351074,107.29418182373,105.28328704834,97.4918975830078,100.931251525879,103.962959289551,103.296417236328,102.596397399902,102.487701416016,,Primary_Enrollment_Pct
ZAF,South Africa,"School enrollment, primary (% gross)",96.9286880493164,97.8168182373047,97.5326766967773,98.6235504150391,101.155158996582,102.36882019043,102.598709106445,103.439766353826,104.046046582293,104.707209964618,104.091085183075,104.198023633162,107.31211891045,103.418217474354,101.580084478322,100.424313489355,101.120463910543,101.300342707463,101.741377795018,102.402386766287,101.772235793474,Primary_Enrollment_Pct
SAU,Saudi Arabia,"School enrollment, primary (% gross)",,,115.50853729248,,120.881187438965,123.49730682373,125.763481140137,128.086135732352,128.024230557425,129.348001204547,99.3784710993113,100.7677674866,101.594836340679,103.42068748908,106.381546527147,105.80186450639,102.737519761619,103.151902576284,100.895579929087,102.13902539092,,Primary_Enrollment_Pct
RUS,Russian Federation,"School enrollment, primary (% gross)",126.574638366699,,96.7937927246094,96.5280838012695,96.1058807373047,95.3222122192383,95.5198287963867,,96.133405106655,97.262229693837,96.9484148725836,97.4962712179576,98.3827760103169,98.3341307364642,100.767602587422,102.018364437962,101.832335105065,101.731047648404,100.890349270112,100.122558846483,97.7462041476013,Primary_Enrollment_Pct
MEX,Mexico,"School enrollment, primary (% gross)",109.264152526855,108.834548950195,108.534042358398,108.129272460938,108.726860046387,109.446380615234,110.722198486328,110.995216369629,111.058860778809,111.073516845703,110.109268188477,108.573143005371,106.963432312012,106.391220092773,105.797607421875,105.188163757324,105.095039367676,104.517730712891,103.358810424805,102.004783630371,101.420753479004,Primary_Enrollment_Pct
KOR,"Korea, Rep.","School enrollment, primary (% gross)",99.9939575195312,100.176528930664,100.344917297363,100.363288879395,100.793983459473,101.344970703125,101.050827026367,100.80436706543,100.998878479004,101.147590637207,100.268768310547,99.4568099975586,100.062088012695,99.7160110473633,98.6247100830078,98.6656723022461,99.6388168334961,99.217903137207,98.6079330444336,99.0050201416016,100.301467895508,Primary_Enrollment_Pct
JPN,Japan,"School enrollment, primary (% gross)",,,,,,,,,,,102.255889892578,102.415283203125,102.41911315918,102.216911315918,102.254829406738,102.099906921387,102.652282714844,102.736831665039,102.218322753906,102.158706665039,102.496421813965,Primary_Enrollment_Pct
ITA,Italy,"School enrollment, primary (% gross)",103.36434173584,103.984909057617,103.975212097168,103.77815246582,103.754417419434,102.942947387695,101.482978820801,100.804321289062,100.302833557129,100.028991699219,101.111892700195,100.752258300781,100.37190246582,99.8127670288086,102.803092956543,102.894989013672,102.959373474121,102.636672973633,101.089881896973,101.56453704834,103.566017150879,Primary_Enrollment_Pct
IDN,Indonesia,"School enrollment, primary (% gross)",110.176658630371,109.678840637207,109.01708984375,107.672538757324,110.421722412109,109.333679199219,110.992286682129,113.010775075983,114.684137554242,115.201069565404,111.656675108204,109.659608599994,107.983525766989,105.922391949136,104.382521256166,103.299542869882,101.264685825869,100.951933675872,100.309665446849,98.7008730463611,98.1566275726904,Primary_Enrollment_Pct
IND,India,"School enrollment, primary (% gross)",105.664947509766,,,,113.330406188965,113.827751159668,112.490791320801,112.218696594238,110.07893371582,112.384407043457,114.29369354248,112.359672546387,113.541786193848,119.987350463867,118.321411132812,101.438321198289,99.9135279872897,102.041421630559,103.202010704334,112.073964742492,113.164575709104,Primary_Enrollment_Pct
DEU,Germany,"School enrollment, primary (% gross)",103.66805267334,103.642723083496,103.440620422363,104.262641906738,104.793502807617,105.103981018066,104.816513061523,104.337593078613,104.415718078613,104.140548706055,103.638671875,102.62181854248,102.702461242676,101.406066894531,101.738708496094,102.645378112793,102.547470092773,101.996658325195,101.346549987793,100.218132019043,102.190689086914,Primary_Enrollment_Pct
FRA,France,"School enrollment, primary (% gross)",99.9754486083984,99.8111801147461,104.636489868164,104.278846740723,103.85977935791,103.622146606445,103.041137695312,102.761512756348,102.691101074219,102.523162841797,102.276443481445,101.280349731445,101.989639282227,102.260429382324,102.417221069336,102.464408874512,102.447647094727,102.651626586914,102.580406188965,102.709487915039,103.265121459961,Primary_Enrollment_Pct
CHN,China,"School enrollment, primary (% gross)",,,,105.243812561035,105.438949584961,106.201782226562,105.59065246582,104.181700271,103.329573551865,103.181119624843,101.231978727477,96.8963827081444,96.340011477005,96.8787921899343,97.5379880463436,97.8103054615567,97.8174906065295,98.7860625918346,99.2294555866603,100.09807464465,99.1718634239571,Primary_Enrollment_Pct
CAN,Canada,"School enrollment, primary (% gross)",,99.4407424926758,98.5980606079102,99.76953125,99.5414810180664,98.6080932617188,99.6073379516602,99.1343688964844,98.5625991821289,99.4907531738281,99.3867797851562,99.5252914428711,99.8602600097656,98.5500411987305,98.6322402954102,98.6617813110352,97.1875534057617,96.9089736938477,95.229621887207,94.7449798583984,94.9523391723633,Primary_Enrollment_Pct
BRA,Brazil,"School enrollment, primary (% gross)",,,,,,,,,,104.7822265625,109.945137023926,110.316467285156,109.152191162109,108.757843017578,109.80850982666,108.623291015625,107.40747833252,105.498199462891,103.4716796875,103.970321655273,,Primary_Enrollment_Pct
AUS,Australia,"School enrollment, primary (% gross)",102.854759216309,103.302062988281,103.397911071777,103.562561035156,105.422981262207,105.24462890625,105.215629577637,105.488502502441,105.274879455566,105.669723510742,105.802581787109,105.461601257324,101.665489196777,101.180686950684,100.637657165527,100.398712158203,100.199699401855,99.9011077880859,99.9291534423828,99.1329879760742,99.3657531738281,Primary_Enrollment_Pct
ARG,Argentina,"School enrollment, primary (% gross)",114.37532043457,115.446090698242,114.580780029297,116.187850952148,117.236312866211,118.320129394531,118.293312072754,118.128196716309,117.372833251953,116.43643951416,114.421348571777,113.873519897461,112.936653137207,111.654647827148,109.879669189453,109.305458068848,109.338218688965,108.504623413086,108.139617919922,106.759826660156,102.535244031037,Primary_Enrollment_Pct
USA,United States,"School enrollment, secondary (% gross)",,,95.0524826049805,,,,,,,,96.1864929199219,96.9245376586914,97.6525497436523,98.7699279785156,98.9523391723633,99.2755813598633,100.063430786133,100.509819030762,101.192489624023,97.4734878540039,,Secondary_Enrollment_Pct
GBR,United Kingdom,"School enrollment, secondary (% gross)",102.157051086426,104.942932128906,105.705039978027,98.46826171875,97.7785110473633,98.8159027099609,100.634742736816,103.46118927002,94.1645431518555,92.5110778808594,125.997467041016,128.713027954102,125.97688293457,,125.511840820312,119.994140625,117.085289001465,114.566833496094,113.681282043457,113.257041931152,112.403617858887,Secondary_Enrollment_Pct
TUR,Turkiye,"School enrollment, secondary (% gross)",91.8227310180664,88.3136901855469,84.943717956543,88.5527877807617,90.7344512939453,89.0569686889648,80.1907424926758,84.2024002075195,87.80322265625,85.0204315185547,102.209701538086,105.97550201416,107.243186950684,108.547561645508,112.977333068848,112.115409851074,111.910400390625,112.527458190918,114.147331237793,116.040176391602,,Secondary_Enrollment_Pct
ZAF,South Africa,"School enrollment, secondary (% gross)",75.5357818603516,78.2966613769531,80.4203414916992,83.7833480834961,85.5366287231445,84.0473480224609,85.9605407714844,86.5922045596808,88.9442291259766,92.1625137329102,,101.163200378418,104.622812990742,103.855987548828,105.623168945312,101.399612936693,103.78912033531,103.501178102472,106.443303990911,104.535066506498,104.133480684239,Secondary_Enrollment_Pct
SAU,Saudi Arabia,"School enrollment, secondary (% gross)",,,87.1481628417969,,91.6758117675781,,99.7553787231445,,,,93.0168905157466,98.8496091524944,102.979200639837,105.491550199825,106.244903966787,106.376211565111,104.048257824894,104.411027399625,104.280975297041,122.158039993668,,Secondary_Enrollment_Pct
RUS,Russian Federation,"School enrollment, secondary (% gross)",94.6366500854492,88.130989074707,86.7092514038086,86.4854736328125,86.5527572631836,87.0486373901367,89.8769302368164,,94.5758904929741,95.5384826756866,95.9993761959632,95.6056322692131,96.3292563031308,95.8434944997854,97.5206298303399,99.1831046517789,100.471744682473,91.5812884026933,92.171155276901,92.7729443625069,92.4840470838527,Secondary_Enrollment_Pct
MEX,Mexico,"School enrollment, secondary (% gross)",78.5541915893555,79.7827072143555,80.6305389404297,82.7013931274414,84.0887069702148,86.0763092041016,85.9423217773438,87.2729263305664,88.3800888061523,90.6936187744141,93.2623062133789,97.3196868896484,100.982269287109,102.871368408203,105.11018371582,105.964653015137,105.515609741211,102.58154296875,98.3202514648438,98.3576583862305,102.055458068848,Secondary_Enrollment_Pct
KOR,"Korea, Rep.","School enrollment, secondary (% gross)",96.9660186767578,96.9991989135742,97.2146224975586,96.7785415649414,96.7113800048828,96.3489303588867,96.8854293823242,97.2930603027344,97.5294189453125,97.3674163818359,97.8287506103516,98.5806732177734,98.5931930541992,98.7179565429688,99.105583190918,99.3186569213867,98.3813018798828,97.0888214111328,98.0692291259766,97.8181304931641,96.2983932495117,Secondary_Enrollment_Pct
JPN,Japan,"School enrollment, secondary (% gross)",,,,,,,,,,,101.781173706055,101.813980102539,102.200416564941,101.167999267578,101.882888793945,102.425148010254,102.670066833496,102.844802856445,102.155380249023,102.337966918945,102.344436645508,Secondary_Enrollment_Pct
ITA,Italy,"School enrollment, secondary (% gross)",99.5263137817383,99.0750198364258,99.2056274414062,99.5338516235352,99.8377380371094,100.291458129883,100.175491333008,101.401161193848,101.59642791748,100.449836730957,100.973121643066,101.121726989746,101.228088378906,100.742958068848,101.01001739502,101.526412963867,101.74178314209,101.836128234863,101.834869384766,101.353858947754,100.678756713867,Secondary_Enrollment_Pct
IDN,Indonesia,"School enrollment, secondary (% gross)",60.7244682312012,62.9758682250977,61.6382789611816,64.6422119140625,71.8545074462891,70.1684417724609,74.5035934448242,75.6519088745117,78.1330718994141,80.0926818847656,81.8896974781343,83.5559949258569,87.8423207929976,87.8191791728036,90.9455391241064,92.8120739600443,94.9467044891028,96.9345779132931,97.8441479813619,97.8167602714893,96.0002120295081,Secondary_Enrollment_Pct
IND,India,"School enrollment, secondary (% gross)",51.4255714416504,53.247371673584,55.9314002990723,56.7859497070312,59.1478385925293,62.2119216918945,61.3603210449219,64.9475936889648,67.1251678466797,69.8089599609375,69.4771270751953,74.8887023925781,74.6113662719727,75.9372863769531,74.6743774414062,76.0025787353516,75.8716506958008,77.9766433254166,80.8355715539317,81.6558464317379,79.3250397483992,Secondary_Enrollment_Pct
DEU,Germany,"School enrollment, secondary (% gross)",101.226783752441,101.377777099609,101.436492919922,102.486396789551,102.009773254395,103.240730285645,103.314292907715,104.891357421875,105.34651184082,104.442237854004,103.935333251953,103.303871154785,102.192413330078,100.852310180664,101.095642089844,100.837303161621,101.152557373047,101.307800292969,101.203536987305,100.81729888916,100.603057861328,Secondary_Enrollment_Pct
FRA,France,"School enrollment, secondary (% gross)",102.772102355957,102.220016479492,106.781677246094,106.927520751953,106.69352722168,106.432838439941,106.239227294922,106.424942016602,106.610641479492,105.813583374023,104.376602172852,103.425827026367,103.396041870117,103.308097839355,103.756080627441,103.773330688477,104.07689666748,104.566566467285,104.522842407227,104.316436767578,103.962417602539,Secondary_Enrollment_Pct
CHN,China,"School enrollment, secondary (% gross)",64.0541305541992,,,74.0575637817383,78.1607131958008,82.6792526245117,88.2874984741211,90.7829173331445,92.0329425203903,92.2603063015232,,,,,,,,,,,,Secondary_Enrollment_Pct
CAN,Canada,"School enrollment, secondary (% gross)",,,100.274856567383,100.449310302734,101.272247314453,102.278419494629,102.979949951172,102.510261535645,102.823951721191,110.873832702637,111.407608032227,111.68155670166,111.737281799316,111.607330322266,111.974517822266,111.833679199219,110.980072021484,109.628059387207,108.337341308594,107.479377746582,104.287643432617,Secondary_Enrollment_Pct
BRA,Brazil,"School enrollment, secondary (% gross)",,,,,,,,,,94.3209762573242,103.917686462402,102.635528564453,100.920516967773,102.56950378418,103.015960693359,105.00707244873,103.953277587891,104.125999450684,106.651893615723,106.031188964844,,Secondary_Enrollment_Pct
AUS,Australia,"School enrollment, secondary (% gross)",,,,,,,,,,,,,159.110763549805,155.594390869141,153.576126098633,136.105545043945,144.056564331055,137.490737915039,135.526565551758,133.277267456055,134.099243164062,Secondary_Enrollment_Pct
ARG,Argentina,"School enrollment, secondary (% gross)",96.0464477539062,95.4575576782227,93.6376724243164,92.4075775146484,92.1874084472656,93.183219909668,96.4056777954102,99.0709991455078,100.884559631348,102.709991455078,104.540863037109,106.038902282715,107.504867553711,109.598327636719,110.377799987793,109.671241760254,110.460151672363,112.376731872559,115.735778808594,114.14811706543,105.574584297051,Secondary_Enrollment_Pct
USA,United States,"Population, total",290107933.0,292805298.0,295516599.0,298379912.0,301231207.0,304093966.0,306771529.0,309378227.0,311839461.0,314339099.0,316726282.0,319257560.0,321815121.0,324353340.0,326608609.0,328529577.0,330226227.0,331577720.0,332099760.0,334017321.0,336806231.0,Population_Total
GBR,United Kingdom,"Population, total",59647577.0,59987905.0,60401206.0,60846820.0,61322463.0,61806995.0,62276270.0,62766365.0,63258810.0,63711000.0,64139000.0,64620000.0,65088000.0,65607000.0,65966000.0,66289000.0,66631000.0,66744000.0,66984000.0,67604000.0,68492000.0,Population_Total
TUR,Turkiye,"Population, total",67831730.0,68592617.0,69329557.0,70045349.0,70158112.0,71051678.0,72039206.0,73142150.0,74223629.0,75175827.0,76147624.0,77181884.0,78218479.0,79277962.0,80312698.0,81407204.0,82579440.0,83384680.0,84147318.0,84979913.0,85325965.0,Population_Total
ZAF,South Africa,"Population, total",48500348.0,48991421.0,49490033.0,49998277.0,50528584.0,51114599.0,51728516.0,52344051.0,52995205.0,53782567.0,54678791.0,55594838.0,56723537.0,57259551.0,57635162.0,58613001.0,59587885.0,60562381.0,61502603.0,62378410.0,63212384.0,Population_Total
SAU,Saudi Arabia,"Population, total",18786767.0,19669480.0,20559890.0,21459144.0,22368313.0,23287877.0,24217654.0,23978487.0,25091867.0,26168861.0,27624004.0,28309273.0,29816382.0,30954198.0,30977355.0,30196281.0,30063799.0,31552510.0,30784383.0,32175224.0,33702731.0,Population_Total
RUS,Russian Federation,"Population, total",144648618.0,144067316.0,143518814.0,143049637.0,142805114.0,142742366.0,142785348.0,142849468.0,143018195.0,143378447.0,143805638.0,144237223.0,144640716.0,145015460.0,145293260.0,145398106.0,145453291.0,145245148.0,144746762.0,144236933.0,143826130.0,Population_Total
MEX,Mexico,"Population, total",102978515.0,104394131.0,105811504.0,107253666.0,108774360.0,110374288.0,111999721.0,113623895.0,115243504.0,116818208.0,118343573.0,119784261.0,121072306.0,122251351.0,123400057.0,124573711.0,125762982.0,126799054.0,127648148.0,128613117.0,129739759.0,Population_Total
KOR,"Korea, Rep.","Population, total",47892330.0,48082519.0,48184561.0,48438292.0,48683638.0,49054708.0,49307835.0,49554112.0,49936638.0,50199853.0,50428893.0,50746659.0,51014947.0,51217803.0,51361911.0,51585058.0,51764822.0,51836239.0,51769539.0,51672569.0,51712619.0,Population_Total
JPN,Japan,"Population, total",127718000.0,127761000.0,127773000.0,127854000.0,128001000.0,128063000.0,128047000.0,128070000.0,127833000.0,127629000.0,127445000.0,127276000.0,127141000.0,127076000.0,126972000.0,126811000.0,126633000.0,126261000.0,125681593.0,125124989.0,124516650.0,Population_Total
ITA,Italy,"Population, total",57399184.0,57828179.0,58166682.0,58399861.0,58756247.0,59211181.0,59555454.0,59819407.0,60026841.0,60191247.0,60311613.0,60320707.0,60229605.0,60115223.0,60002252.0,60148658.0,59729081.0,59438851.0,59133173.0,59013667.0,58984216.0,Population_Total
IDN,Indonesia,"Population, total",225048008.0,227926649.0,230871650.0,233951652.0,237062337.0,240157903.0,243220028.0,246305322.0,249470032.0,252698525.0,255852467.0,258877399.0,261799249.0,264627418.0,267346658.0,269951846.0,272489381.0,274814866.0,276758053.0,278830529.0,281190067.0,Population_Total
IND,India,"Population, total",1116803006.0,1135991513.0,1154676322.0,1172878890.0,1190676021.0,1207930964.0,1225524753.0,1243481564.0,1261224954.0,1278674502.0,1295829511.0,1312277191.0,1328024498.0,1343944296.0,1359657400.0,1374659064.0,1389030312.0,1402617695.0,1414203896.0,1425423212.0,1438069596.0,Population_Total
DEU,Germany,"Population, total",82534176.0,82516260.0,82469422.0,82376451.0,82266372.0,82110097.0,81902307.0,81776930.0,80274983.0,80425823.0,80645605.0,80982500.0,81686611.0,82348669.0,82657002.0,82905782.0,83092962.0,83160871.0,83196078.0,83177813.0,83287273.0,Population_Total
FRA,France,"Population, total",62249855.0,62707588.0,63180854.0,63622342.0,64016890.0,64375116.0,64706436.0,65026211.0,65340830.0,65657659.0,65997932.0,66312067.0,66548272.0,66724104.0,66918020.0,67158348.0,67382061.0,67601110.0,67842811.0,68184457.0,68372286.0,Population_Total
CHN,China,"Population, total",1288400000.0,1296075000.0,1303720000.0,1311020000.0,1317885000.0,1324655000.0,1331260000.0,1337705000.0,1345035000.0,1354190000.0,1363240000.0,1371860000.0,1379860000.0,1387790000.0,1396215000.0,1402760000.0,1407745000.0,1411100000.0,1412360000.0,1412175000.0,1410710000.0,Population_Total
CAN,Canada,"Population, total",31642461.0,31938807.0,32242732.0,32571193.0,32888886.0,33247298.0,33630069.0,34005902.0,34339221.0,34713395.0,35080992.0,35434066.0,35704498.0,36110803.0,36545075.0,37072620.0,37618495.0,38028638.0,38239864.0,38935934.0,40083484.0,Population_Total
BRA,Brazil,"Population, total",180622688.0,182675143.0,184688101.0,186653106.0,188552320.0,190367302.0,192079951.0,193701929.0,195284734.0,196876111.0,198478299.0,200085127.0,201675532.0,203218114.0,204703445.0,206107261.0,207455459.0,208660842.0,209550294.0,210306415.0,211140729.0,Population_Total
AUS,Australia,"Population, total",19720737.0,19932722.0,20176844.0,20450966.0,20827622.0,21249199.0,21691653.0,22031750.0,22340024.0,22733465.0,23128129.0,23475686.0,23815995.0,24190907.0,24592588.0,24963258.0,25334826.0,25649248.0,25685412.0,26018721.0,26659922.0,Population_Total
ARG,Argentina,"Population, total",38424282.0,38815916.0,39216789.0,39622115.0,40016763.0,40424148.0,40854831.0,41288694.0,41730660.0,42161721.0,42582455.0,43024071.0,43477012.0,43900313.0,44288894.0,44654882.0,44973465.0,45191965.0,45312281.0,45407904.0,45538401.0,Population_Total
USA,United States,Urban population (% of total population),79.7773350255284,79.9960936968363,80.1961581748464,80.3713066436159,80.5153172872016,80.6219682896606,80.6850378350499,80.6997744673366,80.6957554256024,80.6837493386238,80.660889281215,80.6242231779766,80.5707989535091,80.4976645324131,80.4018678392891,80.2804567987377,80.1304793353594,79.997451762548,80.0074765140272,80.0324978239707,80.071561119178,Urban_Population_Pct
GBR,United Kingdom,Urban population (% of total population),80.2331593332802,80.3423284929998,80.4455938127627,80.5464353583991,80.6483331957387,80.7547673906116,80.8692180088478,80.995165116277,81.1359685592627,81.2905667759508,81.4573768694887,81.6355750750722,81.8243772295647,82.0229991698295,82.23065673273,82.4465657551295,82.6699420738913,82.9000015258789,82.9886431523641,83.0753982997505,83.1601932891335,Urban_Population_Pct
TUR,Turkiye,Urban population (% of total population),61.5845060653258,62.4388481173262,63.3302470273874,64.2873893939536,65.3389618154687,66.513650890377,67.8401432171223,69.3471253941487,71.0028723528334,73.7788680234324,78.5218368384696,83.6024850744433,87.2167107972537,88.1020958581776,88.0320472717286,88.1655749576173,88.6618152857124,88.9303114965222,89.1762048153239,89.0381164550781,89.0218446796121,Urban_Population_Pct
ZAF,South Africa,Urban population (% of total population),58.3724341232066,59.0977390950102,59.8241758378997,60.5276465215157,61.1840533154988,61.7692983894896,62.2592839131287,62.6299120560569,62.850627754452,62.9616560303263,63.0524024097034,63.1352327065742,63.2096349937231,63.2750973439347,63.3311078299936,63.3771545246841,63.4127255007908,63.4373088310982,63.4503925883909,63.4766699210327,63.5823705163545,Urban_Population_Pct
SAU,Saudi Arabia,Urban population (% of total population),80.5414456330177,80.7542316538166,80.9775503092999,81.2008588083072,81.4230015549063,81.6441431042994,81.8644480116889,82.0791668544465,82.2543876159947,82.4311918025358,82.6071884619102,82.7822571294871,82.9562773406163,83.129128630626,83.300690534822,83.4708425884849,83.6394643268678,83.8064352851942,83.9716349986538,84.1349430023993,84.2962388315415,Urban_Population_Pct
RUS,Russian Federation,Urban population (% of total population),73.4057388305664,73.3065795898438,73.1613922119141,73.2439193725586,73.3856048583984,73.4822463989258,73.5288696289062,73.6696307887624,73.8534851074219,73.97265625,74.0762949770228,74.1776476748791,74.275919065527,74.3703138709243,74.460036813029,74.5442926137992,74.6222859951926,74.6932216791674,74.7516840220252,74.8544893625017,74.9805047873279,Urban_Population_Pct
MEX,Mexico,Urban population (% of total population),76.046170340551,76.3274397419019,76.4748624380269,76.4982455683657,76.5047326234761,76.5090428271033,76.5143930040295,76.5244441414713,76.5667802279537,76.6585199140734,76.7955768077952,76.9741367091766,77.1903854182753,77.4405087351486,77.7206924598541,78.0271223924494,78.355984332992,78.677960602824,78.9324007418057,79.199683215791,79.4734935748046,Urban_Population_Pct
KOR,"Korea, Rep.",Urban population (% of total population),80.707793508044,81.104386778171,81.3901352283669,81.566462110512,81.712125801927,81.8350833138518,81.9245045084002,81.9685075986486,81.9615408086376,81.9087898200378,81.8269383502703,81.7315682816954,81.639489860678,81.5559241797057,81.471030429984,81.3823523035196,81.2901063535619,81.1759595622913,81.1616526507785,81.1624941626873,81.1645551720421,Urban_Population_Pct
JPN,Japan,Urban population (% of total population),82.4206778416671,84.3710541898905,85.9573620483714,87.1460898958075,88.2701404492656,89.2921563808851,90.1131158718189,90.6228586840649,90.8631654434251,91.0265277326652,91.1516595654317,91.2548945132333,91.3532644103625,91.4541254852142,91.5498419685883,91.6377318609728,91.7164207898107,91.7809926267889,91.8741049279527,91.9776532428406,92.0826903891473,Urban_Population_Pct
ITA,Italy,Urban population (% of total population),67.4299414611787,67.5072499739908,67.5897169318419,67.6812550714834,67.7857771296669,67.9071958431441,68.0494239486665,68.2163741829857,68.4015073889511,68.7608794235259,69.3073989916076,69.5807638614879,69.6100006103516,69.5969232525286,69.5180784259382,69.4800033569336,69.5050010681153,69.5187492370606,69.4812507629394,69.4839779766539,69.5381540123301,Urban_Population_Pct
IDN,Indonesia,Urban population (% of total population),44.6301761521872,45.4476736441888,46.2373757571669,47.0017588692457,47.7432993585496,48.4644736032029,49.16775798133,49.8521375148888,50.4830017089844,51.1593933105469,51.8307495117188,52.5002136230469,53.1720771789551,53.812557220459,54.4541015625,55.0956840515137,55.7382049560547,56.2785287648768,56.8761702464027,57.4934704226599,58.1179353397878,Urban_Population_Pct
IND,India,Urban population (% of total population),28.4660287698,28.7726067228528,29.0945497159107,29.4309857146804,29.7810426848684,30.1438485921815,30.5185314023263,30.9042190810094,31.2746502853309,31.5898935604399,31.9096789235237,32.2288233408821,32.5472990022299,32.8650780972823,33.1821328157539,33.4984353473598,33.8139578818147,34.1286726088333,34.4425517181304,34.7555673994206,35.0676918424186,Urban_Population_Pct
DEU,Germany,Urban population (% of total population),80.1373116303862,80.1549694901257,80.1745168510383,80.1960996098884,80.2198636634402,80.2459549084581,80.2745192417062,80.305702559949,80.3405762928198,80.393447520218,80.4732318400362,80.57574023743,80.6974371632814,80.8347870684725,80.9842544038853,81.1423036204018,81.3053991689039,81.4700055002738,81.6325870653934,81.7867852780995,81.9034366692129,Urban_Population_Pct
FRA,France,Urban population (% of total population),77.4691216035138,77.4900500011961,77.4363315105438,77.3467240068648,77.2457976606157,77.1561901569367,77.1005391809676,77.0962844808803,77.1182717387509,77.1669464919916,77.2440721470918,77.3524296788613,77.7610919150066,78.5999114705779,78.6467804026368,78.6714432536599,78.6890784549356,78.7119131765249,78.7364603392338,78.7591921123356,78.7804323126547,Urban_Population_Pct
CHN,China,Urban population (% of total population),40.5302314758301,41.7600135803223,42.9899978637695,44.3430099487305,45.8892440795898,46.9895057678223,48.3417053222656,49.2340270628041,51.8300285339355,53.1003112792969,54.4900016784668,55.7502555847168,57.3297843933105,58.8399238586426,60.2402687072754,61.5001983642578,62.7099151611328,63.5234230266258,64.721076965332,65.2176361083984,65.5301448035523,Urban_Population_Pct
CAN,Canada,Urban population (% of total population),79.391380674239,79.6923063348315,79.9760615882965,80.219066099279,80.4425615136782,80.6628944916604,80.8591838893921,81.0120892252937,81.1031425434213,81.1513483248791,81.183439957458,81.211183161556,81.2465670276699,81.3023011093703,81.4018945832226,81.5500341646653,81.7363672047941,81.9509888710566,82.1779279079275,82.3500897353968,82.5250564408346,Urban_Population_Pct
BRA,Brazil,Urban population (% of total population),82.3540335841671,82.6816824814559,82.9838799596945,83.2672101364439,83.5382571292649,83.8036050557184,84.0698380333651,84.343846036308,84.6225758599683,84.8973874181312,85.1676585442726,85.4331367898168,85.6935697061881,85.9487048448108,86.1982897571091,86.4420719945072,86.6797991084296,86.9112186503004,87.1360781715439,87.349556243881,87.6159710235763,Urban_Population_Pct
AUS,Australia,Urban population (% of total population),85.4097077818668,85.518767609412,85.6190871221958,85.7492544263523,85.8968519574969,86.0253816967666,86.1278139101818,86.2198600512143,86.3268946146423,86.4451259136625,86.5740515760243,86.7221289343356,86.8778642539361,87.0166295249235,87.12809266445,87.2267680845925,87.3019647888406,87.2713470458985,87.2353407632761,87.3343268253813,87.4866955653765,Urban_Population_Pct
ARG,Argentina,Urban population (% of total population),89.752468256564,89.9397208794212,90.1233737736072,90.3033726521064,90.4796632279031,90.6521912139817,90.8209023233265,90.9930051940977,91.1072286738406,91.2041217246797,91.3014507719473,91.3975345472954,91.4923019108628,91.5856817228217,91.6776028433824,91.7679941327998,91.8567844513802,91.9439026594897,92.0292776175651,92.112838186126,92.1945132257907,Urban_Population_Pct
